Cultivated,Deciduous,Coniferous,Marshes,Peatbogs,Herbaceous,Water,Pixels,LocCode,River,Class,Built_up
0.038461538461538464,0.2692307692307692,0.4423076923076923,0.11538461538461539,0.1346153846153846,NA,NA,52,GO_1,GO,100,NA
NA,0.5128205128205128,0.48717948717948717,NA,NA,NA,NA,39,GO_10,GO,100,NA
NA,0.9574468085106383,NA,0.0425531914893617,NA,NA,NA,47,GO_11,GO,100,NA
NA,1,NA,NA,NA,NA,NA,59,GO_12,GO,100,NA
NA,1,NA,NA,NA,NA,NA,80,GO_13,GO,100,NA
NA,0.375,NA,0.19444444444444445,0.4305555555555556,NA,NA,72,GO_14,GO,100,NA
NA,0.7021276595744681,0.2978723404255319,NA,NA,NA,NA,47,GO_15,GO,100,NA
NA,1,NA,NA,NA,NA,NA,41,GO_16,GO,100,NA
NA,1,NA,NA,NA,NA,NA,58,GO_17,GO,100,NA
NA,0.9538461538461539,0.046153846153846156,NA,NA,NA,NA,65,GO_18,GO,100,NA
NA,1,NA,NA,NA,NA,NA,92,GO_19,GO,100,NA
NA,1,NA,NA,NA,NA,NA,67,GO_2,GO,100,NA
NA,0.40425531914893614,NA,0.2765957446808511,0.3191489361702128,NA,NA,47,GO_20,GO,100,NA
NA,0.8163265306122449,0.14285714285714285,0.04081632653061224,NA,NA,NA,49,GO_21,GO,100,NA
0.010416666666666666,0.3333333333333333,NA,0.40625,0.23958333333333334,0.010416666666666666,NA,96,GO_22,GO,100,NA
NA,0.8648648648648649,NA,0.13513513513513514,NA,NA,NA,37,GO_23,GO,100,NA
NA,0.9090909090909091,0.09090909090909091,NA,NA,NA,NA,44,GO_24,GO,100,NA
0.25,0.013157894736842105,0.14473684210526316,0.13157894736842105,0.4605263157894737,NA,NA,76,GO_25,GO,100,NA
NA,NA,1,NA,NA,NA,NA,22,GO_26,GO,100,NA
NA,0.9009009009009009,0.08108108108108109,0.018018018018018018,NA,NA,NA,111,GO_27,GO,100,NA
NA,0.23728813559322035,0.7457627118644068,0.01694915254237288,NA,NA,NA,59,GO_28,GO,100,NA
NA,0.7,NA,0.3,NA,NA,NA,60,GO_29,GO,100,NA
NA,1,NA,NA,NA,NA,NA,96,GO_3,GO,100,NA
NA,0.8676470588235294,0.11764705882352941,NA,0.014705882352941176,NA,NA,68,GO_30,GO,100,NA
NA,0.208955223880597,0.6567164179104478,0.014925373134328358,0.11940298507462686,NA,NA,67,GO_31,GO,100,NA
NA,NA,0.9855072463768116,NA,0.014492753623188406,NA,NA,69,GO_32,GO,100,NA
NA,0.04395604395604396,0.2857142857142857,0.15384615384615385,0.5164835164835165,NA,NA,91,GO_33,GO,100,NA
0.03409090909090909,0.19318181818181818,0.5681818181818182,0.07954545454545454,0.125,NA,NA,88,GO_34,GO,100,NA
NA,NA,NA,0.15463917525773196,0.845360824742268,NA,NA,97,GO_35,GO,100,NA
NA,0.7083333333333334,0.2916666666666667,NA,NA,NA,NA,72,GO_36,GO,100,NA
NA,0.20238095238095238,0.6904761904761905,0.023809523809523808,0.08333333333333333,NA,NA,84,GO_37,GO,100,NA
NA,0.14772727272727273,0.5454545454545454,0.125,0.125,0.056818181818181816,NA,88,GO_38,GO,100,NA
NA,NA,1,NA,NA,NA,NA,85,GO_39,GO,100,NA
NA,0.06315789473684211,NA,0.5473684210526316,0.37894736842105264,NA,0.010526315789473684,95,GO_4,GO,100,NA
NA,0.128,0.496,0.08,0.296,NA,NA,125,GO_40,GO,100,NA
NA,0.05714285714285714,0.9428571428571428,NA,NA,NA,NA,70,GO_41,GO,100,NA
NA,NA,1,NA,NA,NA,NA,88,GO_42,GO,100,NA
NA,0.022222222222222223,0.5111111111111111,0.3111111111111111,0.15555555555555556,NA,NA,45,GO_43,GO,100,NA
NA,0.27884615384615385,0.4807692307692308,0.1346153846153846,0.09615384615384616,0.009615384615384616,NA,104,GO_44,GO,100,NA
NA,0.3142857142857143,0.37142857142857144,0.08571428571428572,0.22857142857142856,NA,NA,35,GO_45,GO,100,NA
NA,NA,1,NA,NA,NA,NA,97,GO_46,GO,100,NA
0.03225806451612903,0.13978494623655913,0.6881720430107527,NA,0.13978494623655913,NA,NA,93,GO_47,GO,100,NA
NA,0.08256880733944955,0.41284403669724773,0.12844036697247707,0.3577981651376147,NA,0.01834862385321101,109,GO_48,GO,100,NA
NA,0.8125,NA,0.015625,0.171875,NA,NA,64,GO_5,GO,100,NA
NA,1,NA,NA,NA,NA,NA,18,GO_6,GO,100,NA
NA,0.9310344827586207,0.06896551724137931,NA,NA,NA,NA,29,GO_7,GO,100,NA
NA,0.7941176470588235,NA,0.20588235294117646,NA,NA,NA,34,GO_8,GO,100,NA
0.07079646017699115,0.7522123893805309,0.08849557522123894,0.061946902654867256,0.017699115044247787,0.008849557522123894,NA,113,GO_9,GO,100,NA
0.0059382422802850355,0.08907363420427554,0.28859857482185275,0.15558194774346792,0.4584323040380047,NA,0.0023752969121140144,842,GO_1,GO,500,NA
NA,0.9544364508393285,0.045563549160671464,NA,NA,NA,NA,417,GO_10,GO,500,NA
NA,0.725925925925926,0.03950617283950617,0.022222222222222223,0.20493827160493827,0.007407407407407408,NA,810,GO_11,GO,500,NA
9.363295880149813e-4,0.9054307116104869,0.06367041198501873,0.0018726591760299626,0.028089887640449437,NA,NA,1068,GO_12,GO,500,NA
NA,0.9377901578458682,0.02414113277623027,0.019498607242339833,0.017641597028783658,NA,9.285051067780873e-4,1077,GO_13,GO,500,NA
0.0010660980810234541,0.7974413646055437,0.13646055437100213,0.019189765458422176,0.04584221748400853,NA,NA,938,GO_14,GO,500,NA
NA,0.918918918918919,0.042042042042042045,0.025525525525525526,0.010510510510510511,0.0015015015015015015,0.0015015015015015015,666,GO_15,GO,500,NA
NA,0.979746835443038,0.020253164556962026,NA,NA,NA,NA,395,GO_16,GO,500,NA
0.0033500837520938024,0.6348408710217756,0.18090452261306533,0.07202680067001675,0.09380234505862646,0.01507537688442211,NA,597,GO_17,GO,500,NA
0.001784121320249777,0.8376449598572703,0.12221231043710973,0.030330062444246207,0.003568242640499554,0.0044603033006244425,NA,1121,GO_18,GO,500,NA
NA,0.9691085613415711,0.02030008826125331,0.00617828773168579,0.00441306266548985,NA,NA,1133,GO_19,GO,500,NA
NA,0.8398692810457516,NA,0.0392156862745098,0.06209150326797386,0.05555555555555555,0.0032679738562091504,306,GO_2,GO,500,NA
NA,0.7717546362339515,0.1355206847360913,0.034236804564907276,0.05848787446504993,NA,NA,701,GO_20,GO,500,NA
NA,0.89375,0.040625,0.015625,0.0375,0.0125,NA,320,GO_21,GO,500,NA
0.007332722273143905,0.6232813932172319,0.08707607699358387,0.14940421631530706,0.12098991750687443,0.011915673693858845,NA,1091,GO_22,GO,500,NA
9.727626459143969e-4,0.8258754863813229,0.07587548638132295,0.03696498054474708,0.05642023346303502,0.0029182879377431907,9.727626459143969e-4,1028,GO_23,GO,500,NA
NA,0.7464788732394366,0.2535211267605634,NA,NA,NA,NA,71,GO_24,GO,500,NA
0.031818181818181815,0.029545454545454545,0.8560606060606061,0.015151515151515152,0.06742424242424243,NA,NA,1320,GO_25,GO,500,NA
NA,0.36082474226804123,0.44673539518900346,0.054982817869415807,0.13745704467353953,NA,NA,582,GO_26,GO,500,NA
NA,0.8136531365313653,0.17988929889298894,0.005535055350553505,9.225092250922509e-4,NA,NA,1084,GO_27,GO,500,NA
NA,0.3101529902642559,0.5104311543810849,0.04172461752433936,0.1376912378303199,NA,NA,719,GO_28,GO,500,NA
0.018072289156626505,0.7891566265060241,0.012048192771084338,0.18072289156626506,NA,NA,NA,166,GO_29,GO,500,NA
NA,0.8411458333333334,0.13671875,0.010416666666666666,0.01171875,NA,NA,768,GO_3,GO,500,NA
NA,0.9143518518518519,0.08101851851851852,0.0023148148148148147,0.0023148148148148147,NA,NA,432,GO_30,GO,500,NA
NA,0.41228070175438597,0.4137426900584795,0.02046783625730994,0.15350877192982457,NA,NA,684,GO_31,GO,500,NA
0.0019801980198019802,0.6742574257425743,0.21386138613861386,0.034653465346534656,0.06633663366336634,0.00891089108910891,NA,1010,GO_32,GO,500,NA
0.0019704433497536944,0.3054187192118227,0.3645320197044335,0.06206896551724138,0.2660098522167488,NA,NA,1015,GO_33,GO,500,NA
0.014503532911863145,0.10896243956861287,0.81889178133135,0.008925251022685012,0.04537002603198215,0.00334696913350688,NA,2689,GO_34,GO,500,NA
0.00936768149882904,0.6557377049180327,0.14402810304449648,0.03044496487119438,0.16042154566744732,NA,NA,854,GO_35,GO,500,NA
0.002430133657351154,0.6658566221142163,0.3219927095990279,0.004860267314702308,0.004860267314702308,NA,NA,823,GO_36,GO,500,NA
0.002638522427440633,0.23746701846965698,0.4916446789797713,0.08003518029903255,0.13896218117854,0.04925241864555849,NA,1137,GO_37,GO,500,NA
0.008532423208191127,0.10295790671217292,0.4448236632536974,0.04436860068259386,0.3924914675767918,0.0034129692832764505,0.0034129692832764505,1758,GO_38,GO,500,NA
0.005047672462142457,0.1256309590577678,0.44083006169377453,0.07515423443634324,0.34436343241727424,0.006730229949523275,0.002243409983174425,1783,GO_39,GO,500,NA
6.752194463200541e-4,0.4267386900742741,0.09115462525320729,0.20054017555705606,0.26806212018906145,0.011478730587440918,0.0013504388926401081,1481,GO_4,GO,500,NA
0.009296148738379814,0.15626383355467022,0.4081451969898185,0.07923860115095174,0.3461708720672864,8.853474988933156e-4,NA,2259,GO_40,GO,500,NA
0.02457002457002457,0.09950859950859951,0.7542997542997543,0.01597051597051597,0.10565110565110565,NA,NA,814,GO_41,GO,500,NA
0.0024067388688327317,0.09025270758122744,0.48074608904933813,0.05535499398315283,0.36522262334536704,0.0048134777376654635,0.0012033694344163659,1662,GO_42,GO,500,NA
0.013550135501355014,0.4010840108401084,0.15718157181571815,0.35501355013550134,0.06504065040650407,0.005420054200542005,0.0027100271002710027,369,GO_43,GO,500,NA
0.003178639542275906,0.25047679593134137,0.5956770502225047,0.03560076287349015,0.10870947234583599,0.003814367450731087,0.0025429116338207248,1573,GO_44,GO,500,NA
NA,0.3142857142857143,0.37142857142857144,0.08571428571428572,0.22857142857142856,NA,NA,35,GO_45,GO,500,NA
0.0012360939431396785,0.030902348578491966,0.7527812113720643,0.023485784919653894,0.18294190358467244,0.00865265760197775,NA,809,GO_46,GO,500,NA
0.08537946428571429,0.09709821428571429,0.5569196428571429,0.04575892857142857,0.2109375,0.00390625,NA,1792,GO_47,GO,500,NA
0.025060911938739994,0.15280194918203968,0.6185172293769579,0.04211625478593804,0.14688478941872607,0.012182387747998607,0.0024364775495997215,2873,GO_48,GO,500,NA
NA,0.7705314009661836,0.11956521739130435,0.027777777777777776,0.06521739130434782,NA,0.016908212560386472,828,GO_5,GO,500,NA
NA,0.6677852348993288,0.2651006711409396,0.010067114093959731,0.053691275167785234,NA,0.003355704697986577,298,GO_6,GO,500,NA
NA,0.29455081001472755,0.10751104565537556,0.10014727540500737,0.4948453608247423,0.0029455081001472753,NA,679,GO_7,GO,500,NA
0.0020964360587002098,0.9140461215932913,0.03773584905660377,0.04612159329140461,NA,NA,NA,477,GO_8,GO,500,NA
0.005096040768326146,0.537828302626421,0.09800078400627205,0.14033712269698156,0.20736965895727166,0.007840062720501764,0.0035280282242257936,2551,GO_9,GO,500,NA
0.0025549310168625446,0.03934593765968319,0.14971895758814513,0.2585590189064895,0.5487991824220746,NA,0.001021972406745018,1957,GO_1,GO,Stream,NA
6.765899864682003e-4,0.6258457374830853,0.07442489851150202,0.06765899864682003,0.2313937753721245,NA,NA,1478,GO_10,GO,Stream,NA
NA,0.8156996587030717,0.03890784982935153,0.015699658703071672,0.12559726962457338,0.004095563139931741,NA,1465,GO_11,GO,Stream,NA
0.0025329280648429585,0.6646403242147924,0.11702127659574468,0.0975177304964539,0.11752786220871327,5.065856129685917e-4,2.5329280648429586e-4,3948,GO_12,GO,Stream,NA
NA,0.8369318181818182,0.05568181818181818,0.03238636363636364,0.07329545454545454,NA,0.0017045454545454545,1760,GO_13,GO,Stream,NA
0.0017743080198722497,0.8325053229240597,0.06529453513129879,0.014904187366926898,0.08268275372604685,0.0028388928317956,NA,2818,GO_14,GO,Stream,NA
0.0024984052732298532,0.4535402934297257,0.1006804167552626,0.1481501169466298,0.2535615564533277,0.016425685732511162,0.025143525409313205,18812,GO_15,GO,Stream,NA
NA,0.9038919777601271,0.07466243050039714,0.007942811755361398,0.012708498808578236,NA,7.942811755361397e-4,1259,GO_16,GO,Stream,NA
0.0026702269692923898,0.5941255006675568,0.15353805073431243,0.07476635514018691,0.1268357810413885,0.04672897196261682,0.0013351134846461949,749,GO_17,GO,Stream,NA
0.00133923972391058,0.7691356752858761,0.0870505820541877,0.05758730812815494,0.0840630472854641,7.21129082105697e-4,1.0301844030081384e-4,9707,GO_18,GO,Stream,NA
NA,0.8841041998936736,0.07921318447634237,0.013822434875066455,0.020202020202020204,0.002126528442317916,5.31632110579479e-4,1881,GO_19,GO,Stream,NA
NA,0.8398692810457516,NA,0.0392156862745098,0.06209150326797386,0.05555555555555555,0.0032679738562091504,306,GO_2,GO,Stream,NA
0.0023000707714083512,0.812278839348903,0.10084925690021232,0.0348549186128804,0.044762915782024064,0.004953998584571833,NA,5652,GO_20,GO,Stream,NA
NA,0.9180327868852459,0.03278688524590164,0.0117096018735363,0.02810304449648712,0.00936768149882904,NA,427,GO_21,GO,Stream,NA
0.0032,0.7892,0.0808,0.068,0.0536,0.0052,NA,2500,GO_22,GO,Stream,NA
0.0014992503748125937,0.889055472263868,0.04297851074462768,0.02498750624687656,0.038980509745127435,0.001999000499750125,4.997501249375312e-4,2001,GO_23,GO,Stream,NA
NA,0.7464788732394366,0.2535211267605634,NA,NA,NA,NA,71,GO_24,GO,Stream,NA
0.050521691378363535,0.1015925315760571,0.7386051619989017,0.017023613399231193,0.09225700164744646,NA,NA,1821,GO_25,GO,Stream,NA
6.784260515603799e-4,0.6492537313432836,0.25508819538670285,0.029172320217096336,0.06377204884667571,0.0020352781546811396,NA,1474,GO_26,GO,Stream,NA
0.0011580260110457866,0.7805095314448601,0.09380010689470872,0.05095314448601461,0.07286655977195795,6.235524674861928e-4,8.907892392659897e-5,11226,GO_27,GO,Stream,NA
0.0019402150679075274,0.5764411851754415,0.09822749843796244,0.10621855371764938,0.19102897168601402,0.010490315367161038,0.01565326054786412,30409,GO_28,GO,Stream,NA
0.018072289156626505,0.7891566265060241,0.012048192771084338,0.18072289156626506,NA,NA,NA,166,GO_29,GO,Stream,NA
NA,0.8243243243243243,0.1375921375921376,0.022113022113022112,0.01597051597051597,NA,NA,814,GO_3,GO,Stream,NA
0.004624974864267042,0.7486426704202694,0.08968429519404786,0.07701588578322945,0.0762115423285743,0.003217373818620551,NA,4973,GO_30,GO,Stream,6.032575909913533e-4
NA,0.4918648310387985,0.3541927409261577,0.02252816020025031,0.13141426783479349,NA,NA,799,GO_31,GO,Stream,NA
4.894163709776092e-4,0.9018720176189894,0.07010889514254252,0.012113055181695828,0.013458950201884253,0.0014682491129328276,4.894163709776092e-4,8173,GO_32,GO,Stream,NA
6.976744186046512e-4,0.7258139534883721,0.1630232558139535,0.027209302325581396,0.08162790697674419,0.0013953488372093023,2.3255813953488373e-4,4300,GO_33,GO,Stream,NA
0.003566108427752449,0.6625739177538031,0.24001263937164266,0.022209181600686138,0.06224890534013452,0.009118403827923983,2.70843678057148e-4,22153,GO_34,GO,Stream,NA
0.008839779005524863,0.6707182320441989,0.14033149171270717,0.028729281767955802,0.15138121546961325,NA,NA,905,GO_35,GO,Stream,NA
0.0014194464158978,0.7118523775727467,0.25337118523775726,0.0269694819020582,0.0049680624556423,0.0014194464158978,NA,1409,GO_36,GO,Stream,NA
0.02586002372479241,0.1309608540925267,0.5803084223013049,0.042941874258600236,0.19288256227758008,0.026334519572953737,7.117437722419929e-4,4215,GO_37,GO,Stream,NA
0.00285466054362666,0.6175996028298374,0.22750403375946382,0.02879483678788631,0.11716519796450292,0.005212858384013901,8.688097306689834e-4,8057,GO_38,GO,Stream,NA
0.010706638115631691,0.40450369551702703,0.35297368239276095,0.041445050770187196,0.177937417973337,0.011466464046418457,9.670511846377012e-4,14477,GO_39,GO,Stream,NA
0.0020249746878164025,0.36685791427607156,0.11846101923725953,0.17448531893351332,0.33378332770840363,0.003712453594330071,6.749915626054674e-4,5926,GO_4,GO,Stream,NA
0.004501184522242695,0.6668333772045275,0.21271387207159778,0.0339036588575941,0.07525664648591734,0.006528033693077125,1.579362990260595e-4,37990,GO_40,GO,Stream,1.05290866017373e-4
0.004157238330789875,0.6601589222754302,0.19207493553649424,0.04862390148923854,0.09424827658790717,6.314792401199811e-4,1.0524654001999685e-4,19003,GO_41,GO,Stream,NA
0.004312700023417376,0.5316524861447194,0.1923932557958005,0.07796034657716025,0.17438139099211614,0.009698696432753102,0.009601124034033253,51244,GO_42,GO,Stream,NA
0.013550135501355014,0.4010840108401084,0.15718157181571815,0.35501355013550134,0.06504065040650407,0.005420054200542005,0.0027100271002710027,369,GO_43,GO,Stream,NA
0.004339019669622361,0.5946887518566863,0.20859702029977045,0.05659630013053067,0.1242652023225458,0.00694063104829635,0.0045370662105594815,111085,GO_44,GO,Stream,3.6008461988567314e-5
NA,0.3142857142857143,0.37142857142857144,0.08571428571428572,0.22857142857142856,NA,NA,35,GO_45,GO,Stream,NA
0.005547337278106509,0.39386094674556216,0.4951923076923077,0.02625739644970414,0.07544378698224852,0.0025887573964497044,0.0011094674556213018,2704,GO_46,GO,Stream,NA
0.031423954031244386,0.39755790985814327,0.4180283713413539,0.06266834261088167,0.0881666367390914,0.0019752199676782187,1.795654516071108e-4,5569,GO_47,GO,Stream,NA
0.005602626805354642,0.5559612102286209,0.2519804367293518,0.054801650172594585,0.12113767001140426,0.0065210902160685175,0.003964700389581563,130653,GO_48,GO,Stream,3.061544702379586e-5
NA,0.4352044352044352,0.09748209748209748,0.18018018018018017,0.161007161007161,0.030492030492030493,0.09563409563409564,4329,GO_5,GO,Stream,NA
NA,0.21695257315842584,0.13521695257315844,0.33804238143289606,0.3067608476286579,0.0020181634712411706,0.0010090817356205853,991,GO_6,GO,Stream,NA
2.628811777076761e-4,0.231335436382755,0.15220820189274448,0.1587802313354364,0.416403785488959,0.03128286014721346,0.009726603575184017,3804,GO_7,GO,Stream,NA
0.0017825311942959,0.9001782531194296,0.044563279857397504,0.0392156862745098,0.0142602495543672,NA,NA,561,GO_8,GO,Stream,NA
0.001595405232929164,0.3866624122527122,0.11557115507338864,0.1639438417358009,0.28468410976388003,0.01780472239948947,0.029738353541799618,15670,GO_9,GO,Stream,NA
0.004206895650697012,0.5761574406744969,0.19978834872813264,0.08483470732461469,0.12007072462253346,0.011976152214717166,0.0026129786650292,229623,GO_1,GO,Catch,3.52752119778942e-4
0.0035220793274233155,0.5905283639239189,0.16384692221251093,0.09447704665584551,0.13048861697257252,0.013682523827360885,0.003033046156407375,192216,GO_10,GO,Catch,4.214009239605444e-4
NA,0.5578947368421052,0.17894736842105263,0.08421052631578947,0.17894736842105263,NA,NA,95,GO_11,GO,Catch,NA
0.020365315977325216,0.5184757505773672,0.3418013856812933,0.0572118412765064,0.058681503254251526,0.003359227377703128,1.0497585555322275e-4,9526,GO_12,GO,Catch,NA
0.009852216748768473,0.5763546798029556,0.09729064039408868,0.2376847290640394,0.059113300492610835,0.01847290640394089,0.0012315270935960591,812,GO_13,GO,Catch,NA
0.0018832391713747645,0.783427495291902,0.17476459510357814,0.03427495291902072,0.003766478342749529,0.0018832391713747645,NA,2655,GO_14,GO,Catch,NA
0.004311831666091756,0.5917557778544326,0.33114867195584685,0.02466367713004484,0.04467057606071059,0.002932045532942394,5.174197999310107e-4,5798,GO_15,GO,Catch,NA
0.007832898172323759,0.8537859007832899,0.015665796344647518,0.1227154046997389,NA,NA,NA,383,GO_16,GO,Catch,NA
0.03567065721964329,0.3997068165160029,0.46005375030539947,0.023943317859760567,0.08062545809919375,NA,NA,4093,GO_17,GO,Catch,NA
0.02071704594246458,0.34854014598540145,0.4390296264491198,0.04154143409188493,0.12473164448261057,0.023937312151137827,5.36711034778875e-4,9316,GO_18,GO,Catch,9.660798626019751e-4
0.0013089005235602095,0.7388743455497382,0.08704188481675393,0.047774869109947646,0.10078534031413612,0.02356020942408377,6.544502617801048e-4,1528,GO_19,GO,Catch,NA
0.0024048663177252795,0.7323242325647192,0.17589475173291838,0.025972556231433016,0.05627387183477154,0.006903380959117272,2.2634035931532042e-4,35345,GO_2,GO,Catch,NA
5.31632110579479e-4,0.3997873471557682,0.10366826156299841,0.3157894736842105,0.17756512493354598,0.002658160552897395,NA,1881,GO_20,GO,Catch,NA
0.0013089005235602095,0.5658813263525305,0.14921465968586387,0.1343804537521815,0.14354275741710296,0.005235602094240838,4.363001745200698e-4,2292,GO_21,GO,Catch,NA
0.002133206921071344,0.5874614837639252,0.08627636880777435,0.1772931974401517,0.11791893813699929,0.028916804930078217,NA,8438,GO_22,GO,Catch,NA
NA,0.1768355739400207,0.06170286108238538,0.483971044467425,0.26335746294381246,0.013788348845225784,3.447087211306446e-4,2901,GO_23,GO,Catch,NA
4.100041000410004e-4,0.3845838458384584,0.05002050020500205,0.26404264042640424,0.3005330053300533,4.100041000410004e-4,NA,2439,GO_24,GO,Catch,NA
0.0032268137816175704,0.47028208597897364,0.11980847298844592,0.17820339335900906,0.21349016342250443,0.013323618195066098,0.0011449984386384929,9607,GO_25,GO,Catch,5.204538357447694e-4
0.0018403382243223079,0.6204924148221835,0.08833623476747078,0.12862472021885102,0.15274807261875156,0.007162397413578712,5.471275802039294e-4,20105,GO_26,GO,Catch,2.486943546381497e-4
0.0036719706242350062,0.7343941248470012,0.10465116279069768,0.05752753977968176,0.09210526315789473,0.007649938800489596,NA,3268,GO_27,GO,Catch,NA
6.250558085543353e-4,0.8342709170461649,0.0792035003125279,0.04053933386909545,0.04259308866863113,0.0024109295472810074,3.571747477453344e-4,11199,GO_28,GO,Catch,NA
0.0016450293437666726,0.6440067579583852,0.09478925840298773,0.11564111684154366,0.13680419704783922,0.006402276364929753,4.890627778765783e-4,22492,GO_29,GO,Catch,2.2230126267117198e-4
0.006028636021100226,0.7377543330821401,0.12584777694046723,0.02562170308967596,0.10474755086661643,NA,NA,1327,GO_3,GO,Catch,NA
0.004692475280710575,0.693815987933635,0.10239651416122005,0.08965979554214848,0.10407239819004525,0.004860063683593096,NA,5967,GO_30,GO,Catch,5.027652086475615e-4
0.003275918550319833,0.6836669597751686,0.16943395575785788,0.05515612338143761,0.07925998724115933,0.009000155175089225,1.379334126450456e-4,57999,GO_31,GO,Catch,6.89667063225228e-5
4.103405826836274e-4,0.763233483791547,0.17890849405006154,0.01764464505539598,0.03857201477226098,0.0012310217480508822,NA,2437,GO_32,GO,Catch,NA
0.003300231016171132,0.612282859800186,0.15772104047283309,0.0900963067414719,0.13140919864390507,0.0046803276229336055,3.600252017641235e-4,33331,GO_33,GO,Catch,1.5001050073505144e-4
0.00361044832349617,0.5341893758633681,0.14602955335091464,0.12391686550295115,0.1654736489597723,0.020176650341161204,0.005849972790824228,95556,GO_34,GO,Catch,7.534848675122441e-4
0.008815812489067694,0.5267797796046878,0.2816162322896624,0.04470876333741473,0.12230190659436768,0.014728004198005948,7.346510407556411e-4,28585,GO_35,GO,Catch,3.1485044603813187e-4
0.0017474879860200961,0.8608562691131498,0.0655307994757536,0.01944080384447357,0.047619047619047616,0.003931847968545216,8.737439930100481e-4,4578,GO_36,GO,Catch,NA
NA,0.9251968503937008,0.02952755905511811,0.00984251968503937,0.027559055118110236,0.007874015748031496,NA,508,GO_37,GO,Catch,NA
NA,0.7954545454545454,0.20454545454545456,NA,NA,NA,NA,88,GO_38,GO,Catch,NA
NA,0.871482570348593,0.09617807643847123,0.010919781604367913,0.019319613607727847,0.0016799664006719867,4.1999160016799666e-4,2381,GO_39,GO,Catch,NA
0.0014361183771862338,0.5213109709186029,0.0668820844232446,0.17657417380451693,0.19821852934639517,0.025354328016276007,0.009146706330888512,58491,GO_4,GO,Catch,0.0010770887828896753
0.002110957187149548,0.6828286826307804,0.185104558348176,0.03397321723068804,0.08826439738769049,0.007058513094531302,6.596741209842338e-4,15159,GO_40,GO,Catch,NA
8.634087376964255e-4,0.7717147297530651,0.1402175790018995,0.021757900189949924,0.06389224658953549,0.0013814539803142809,1.726817475392851e-4,5791,GO_41,GO,Catch,NA
0.0016406890894175555,0.6488925348646432,0.24118129614438064,0.016406890894175553,0.09023789991796555,0.0016406890894175555,NA,1219,GO_42,GO,Catch,NA
3.635041802980734e-4,0.8495092693565977,0.03271537622682661,0.026535805161759362,0.08651399491094147,0.003998545983278807,3.635041802980734e-4,2751,GO_43,GO,Catch,NA
0.0015882469724042088,0.8693666865197538,0.04288266825491364,0.01886043279729998,0.06432400238237046,0.0025809013301568394,3.970617431010522e-4,5037,GO_44,GO,Catch,NA
NA,0.870026525198939,NA,0.03183023872679045,0.050397877984084884,0.04509283819628647,0.002652519893899204,377,GO_45,GO,Catch,NA
9.910802775024777e-4,0.9345887016848364,0.024777006937561942,0.026759167492566897,0.011892963330029732,NA,9.910802775024777e-4,1009,GO_46,GO,Catch,NA
0.0010836248800272453,0.28471469704944424,0.06997120653890214,0.28719155391807794,0.2967274528623177,0.04260193814049971,0.01575900182668194,32299,GO_47,GO,Catch,0.0019505247840490418
9.731995807755652e-4,0.26351250187153763,0.0640814493187603,0.3375505315166941,0.33066327294505166,0.0025452912112591706,6.737535559215452e-4,13358,GO_48,GO,Catch,NA
9.300595238095238e-4,0.027901785714285716,0.06882440476190477,0.48400297619047616,0.4172247023809524,7.44047619047619e-4,3.720238095238095e-4,5376,GO_5,GO,Catch,NA
NA,0.3469621704241498,0.06406827155776335,0.3296395363647943,0.15475735575085978,0.051331040631766654,0.05324162527066616,7851,GO_6,GO,Catch,NA
0.001138433515482696,0.17907559198542805,0.09016393442622951,0.21539162112932606,0.4007285974499089,0.09824681238615665,0.00808287795992714,8784,GO_7,GO,Catch,0.007172131147540984
0.0014847809948032665,0.7780252412769116,0.025736203909923285,0.06161841128433556,0.11828755258599356,0.011878247958426132,0.002969561989606533,4041,GO_8,GO,Catch,NA
0.0015349194167306216,0.3605472781644481,0.06489004154868076,0.2541085558525419,0.26614973403551484,0.037367348559028235,0.013734882366951598,37787,GO_9,GO,Catch,0.001667240056103951
0.07272727272727272,NA,0.2,0.2818181818181818,0.44545454545454544,NA,NA,110,V_1,VY,100,NA
0.01904761904761905,NA,0.7047619047619048,0.047619047619047616,0.22857142857142856,NA,NA,105,V_10,VY,100,NA
NA,NA,0.08045977011494253,0.022988505747126436,0.896551724137931,NA,NA,87,V_11,VY,100,NA
NA,NA,NA,0.20238095238095238,0.7738095238095238,0.023809523809523808,NA,84,V_12,VY,100,NA
NA,NA,0.11627906976744186,0.32558139534883723,0.5581395348837209,NA,NA,86,V_13,VY,100,NA
0.008403361344537815,0.05042016806722689,0.6638655462184874,0.2184873949579832,0.058823529411764705,NA,NA,119,V_14,VY,100,NA
NA,0.09210526315789473,0.15789473684210525,0.27631578947368424,0.47368421052631576,NA,NA,76,V_15,VY,100,NA
NA,NA,0.07,0.77,0.16,NA,NA,100,V_16,VY,100,NA
NA,NA,0.029411764705882353,0.0392156862745098,0.8921568627450981,0.0392156862745098,NA,102,V_17,VY,100,NA
NA,NA,0.26666666666666666,NA,0.7333333333333333,NA,NA,60,V_18,VY,100,NA
NA,NA,NA,0.8295454545454546,0.17045454545454544,NA,NA,88,V_19,VY,100,NA
NA,NA,NA,0.6235294117647059,0.3764705882352941,NA,NA,85,V_2,VY,100,NA
NA,NA,NA,0.782608695652174,0.21739130434782608,NA,NA,115,V_20,VY,100,NA
NA,NA,NA,0.12987012987012986,0.8441558441558441,0.025974025974025976,NA,77,V_21,VY,100,NA
NA,NA,0.07228915662650602,0.5662650602409639,0.3614457831325301,NA,NA,83,V_22,VY,100,NA
NA,NA,NA,0.11827956989247312,0.8494623655913979,0.03225806451612903,NA,93,V_23,VY,100,NA
NA,NA,NA,0.6881720430107527,NA,0.3118279569892473,NA,93,V_24,VY,100,NA
NA,NA,0.16470588235294117,NA,0.8352941176470589,NA,NA,85,V_25,VY,100,NA
NA,NA,0.20270270270270271,0.02702702702702703,0.7702702702702703,NA,NA,74,V_26,VY,100,NA
NA,NA,0.041666666666666664,0.0625,0.8958333333333334,NA,NA,96,V_27,VY,100,NA
0.009615384615384616,0.009615384615384616,0.6730769230769231,0.18269230769230768,0.125,NA,NA,104,V_28,VY,100,NA
NA,NA,0.9753086419753086,NA,0.024691358024691357,NA,NA,81,V_29,VY,100,NA
0.010309278350515464,NA,0.010309278350515464,0.26804123711340205,0.6494845360824743,0.061855670103092786,NA,97,V_3,VY,100,NA
0.010638297872340425,0.010638297872340425,NA,0.5638297872340425,0.4148936170212766,NA,NA,94,V_30,VY,100,NA
NA,NA,0.5584415584415584,0.012987012987012988,0.4155844155844156,NA,0.012987012987012988,77,V_31,VY,100,NA
NA,NA,NA,0.02564102564102564,0.8846153846153846,0.08974358974358974,NA,78,V_32,VY,100,NA
NA,NA,NA,0.989010989010989,0.01098901098901099,NA,NA,91,V_33,VY,100,NA
0.009523809523809525,NA,0.17142857142857143,0.44761904761904764,0.3619047619047619,0.009523809523809525,NA,105,V_34,VY,100,NA
NA,0.011627906976744186,0.9767441860465116,0.011627906976744186,NA,NA,NA,86,V_35,VY,100,NA
NA,NA,0.6788990825688074,0.08256880733944955,0.23853211009174313,NA,NA,109,V_36,VY,100,NA
0.0136986301369863,NA,0.9726027397260274,NA,0.0136986301369863,NA,NA,73,V_37,VY,100,NA
NA,NA,0.8450704225352113,0.056338028169014086,0.09859154929577464,NA,NA,71,V_38,VY,100,NA
NA,NA,1,NA,NA,NA,NA,70,V_39,VY,100,NA
NA,NA,0.43157894736842106,0.05263157894736842,0.5157894736842106,NA,NA,95,V_4,VY,100,NA
NA,0.025,0.8875,NA,0.075,NA,0.0125,80,V_40,VY,100,NA
NA,NA,0.4387755102040816,0.47959183673469385,0.08163265306122448,NA,NA,98,V_41,VY,100,NA
0.11403508771929824,0.07017543859649122,0.47368421052631576,0.20175438596491227,0.08771929824561403,NA,0.043859649122807015,114,V_42,VY,100,0.008771929824561403
0.02830188679245283,0.04716981132075472,0.8962264150943396,NA,NA,NA,0.02830188679245283,106,V_43,VY,100,NA
NA,NA,0.24242424242424243,0.06060606060606061,0.696969696969697,NA,NA,132,V_5,VY,100,NA
NA,NA,0.28125,0.4375,0.28125,NA,NA,96,V_6,VY,100,NA
NA,NA,0.17204301075268819,0.7956989247311828,0.03225806451612903,NA,NA,93,V_7,VY,100,NA
NA,NA,NA,0.11320754716981132,0.7452830188679245,0.14150943396226415,NA,106,V_8,VY,100,NA
NA,NA,0.8771929824561403,NA,0.12280701754385964,NA,NA,57,V_9,VY,100,NA
0.015503875968992248,0.004651162790697674,0.06356589147286822,0.2837209302325581,0.6294573643410852,0.0015503875968992248,0.0015503875968992248,645,V_1,VY,500,NA
0.0015772870662460567,NA,0.22476340694006308,0.007886435331230283,0.7594637223974764,0.005520504731861199,7.886435331230284e-4,1268,V_10,VY,500,NA
NA,NA,0.25102319236016374,0.12141882673942701,0.6084583901773534,0.019099590723055934,NA,733,V_11,VY,500,NA
NA,NA,0.03264604810996564,0.07560137457044673,0.8539518900343642,0.037800687285223365,NA,582,V_12,VY,500,NA
NA,0.0037546933667083854,0.16020025031289112,0.17146433041301626,0.6633291614518148,NA,0.0012515644555694619,799,V_13,VY,500,NA
0.005447470817120622,0.026459143968871595,0.7883268482490272,0.10272373540856031,0.07704280155642024,NA,NA,1285,V_14,VY,500,NA
NA,0.008567931456548347,0.10403916768665851,0.14443084455324356,0.7307221542227662,0.012239902080783354,NA,817,V_15,VY,500,NA
0.0022189349112426036,7.396449704142012e-4,0.1856508875739645,0.3328402366863905,0.4770710059171598,7.396449704142012e-4,7.396449704142012e-4,1352,V_16,VY,500,NA
NA,0.01134020618556701,0.1958762886597938,0.024742268041237112,0.7618556701030927,0.006185567010309278,NA,970,V_17,VY,500,NA
NA,0.013297872340425532,0.4773936170212766,0.0013297872340425532,0.4973404255319149,0.0026595744680851063,0.007978723404255319,752,V_18,VY,500,NA
NA,0.0035842293906810036,0.2132616487455197,0.3978494623655914,0.38530465949820786,NA,NA,558,V_19,VY,500,NA
NA,NA,NA,0.5265151515151515,0.4734848484848485,NA,NA,792,V_2,VY,500,NA
NA,7.047216349541931e-4,0.12896405919661733,0.5116279069767442,0.3572938689217759,7.047216349541931e-4,7.047216349541931e-4,1419,V_20,VY,500,NA
NA,NA,0.020802377414561663,0.08320950965824665,0.8573551263001485,0.03714710252600297,0.0014858841010401188,673,V_21,VY,500,NA
NA,NA,0.15768725361366623,0.12483574244415244,0.7135348226018396,0.003942181340341655,NA,761,V_22,VY,500,NA
0.005417118093174431,NA,NA,0.041170097508125676,0.6630552546045504,0.28819068255687974,0.0021668472372697724,923,V_23,VY,500,NA
NA,0.011315417256011316,NA,0.9080622347949081,0.005657708628005658,0.07496463932107496,NA,707,V_24,VY,500,NA
NA,NA,0.44930417495029823,NA,0.5506958250497018,NA,NA,503,V_25,VY,500,NA
0.0016474464579901153,NA,0.051070840197693576,0.08401976935749589,0.8270181219110379,0.036243822075782535,NA,607,V_26,VY,500,NA
NA,NA,0.0064034151547491995,0.052294557097118465,0.9146211312700107,0.026680896478121666,NA,937,V_27,VY,500,NA
0.0056022408963585435,0.026143790849673203,0.5312791783380019,0.3734827264239029,0.06162464985994398,NA,0.0018674136321195146,1071,V_28,VY,500,NA
NA,NA,0.8790786948176583,0.009596928982725527,0.11132437619961612,NA,NA,521,V_29,VY,500,NA
0.006622516556291391,0.009565857247976454,0.15526122148638705,0.47019867549668876,0.34584253127299486,0.012509197939661517,NA,1359,V_3,VY,500,NA
6.91085003455425e-4,0.002073255010366275,0.06427090532135453,0.21147201105736005,0.6869384934346925,0.03455425017277125,NA,1447,V_30,VY,500,NA
0.005434782608695652,0.005434782608695652,0.3442028985507246,0.08876811594202899,0.5307971014492754,0.02355072463768116,0.0018115942028985507,552,V_31,VY,500,NA
NA,NA,0.22791293213828426,0.024327784891165175,0.6670934699103713,0.08066581306017925,NA,781,V_32,VY,500,NA
0.0018796992481203006,0.0037593984962406013,0.37593984962406013,0.23778195488721804,0.2387218045112782,0.13909774436090225,0.002819548872180451,1064,V_33,VY,500,NA
0.003048780487804878,0.003048780487804878,0.4024390243902439,0.14634146341463414,0.4405487804878049,0.004573170731707317,NA,656,V_34,VY,500,NA
NA,0.0025662959794696323,0.3686911890504705,0.0051325919589392645,0.6218990590248076,0.001710863986313088,NA,1169,V_35,VY,500,NA
NA,0.0034285714285714284,0.7897142857142857,0.036571428571428574,0.16914285714285715,0.001142857142857143,NA,875,V_36,VY,500,NA
0.026422764227642278,0.012195121951219513,0.9004065040650406,0.0040650406504065045,0.054878048780487805,NA,0.0020325203252032522,492,V_37,VY,500,NA
NA,NA,0.8474970896391153,0.04307334109429569,0.10826542491268917,0.0011641443538998836,NA,859,V_38,VY,500,NA
NA,NA,1,NA,NA,NA,NA,463,V_39,VY,500,NA
NA,NA,0.21148036253776434,0.012084592145015106,0.7749244712990937,NA,0.0015105740181268882,662,V_4,VY,500,NA
0.001443001443001443,0.008658008658008658,0.862914862914863,0.017316017316017316,0.10678210678210678,NA,0.002886002886002886,693,V_40,VY,500,NA
0.013173652694610778,0.0029940119760479044,0.45209580838323354,0.27365269461077846,0.24431137724550897,0.00718562874251497,0.005389221556886228,1670,V_41,VY,500,0.0011976047904191617
0.03815580286168521,0.028616852146263912,0.48330683624801274,0.3799682034976153,0.05087440381558029,0.009538950715421303,0.00794912559618442,629,V_42,VY,500,0.001589825119236884
0.0041928721174004195,0.05345911949685535,0.7348008385744235,0.15723270440251572,0.010482180293501049,0.03249475890985325,0.007337526205450734,954,V_43,VY,500,NA
0.0047138047138047135,0.0026936026936026937,0.15488215488215487,0.1441077441077441,0.6936026936026936,NA,NA,1485,V_5,VY,500,NA
NA,0.026558891454965358,0.10623556581986143,0.34526558891454967,0.5207852193995381,0.0011547344110854503,NA,866,V_6,VY,500,NA
NA,0.002210759027266028,0.054532056005895356,0.7103905674281503,0.2328666175386883,NA,NA,1357,V_7,VY,500,NA
0.0010362694300518134,0.07150259067357513,0.11398963730569948,0.07772020725388601,0.5575129533678757,0.17823834196891192,NA,965,V_8,VY,500,NA
NA,0.043689320388349516,0.48349514563106794,0.02330097087378641,0.42135922330097086,NA,0.02815533980582524,1030,V_9,VY,500,NA
0.010582010582010581,0.005291005291005291,0.04867724867724868,0.2402116402116402,0.6931216931216931,0.0010582010582010583,0.0010582010582010583,945,V_1,VY,Stream,NA
0.004346158762623034,0.019174229835101624,0.3497379521922536,0.06608717883165026,0.5547743832289403,0.003834845967020325,0.00204525118241084,7823,V_10,VY,Stream,NA
8.687719907910169e-4,0.008470526910212415,0.10364449850136831,0.3709656400677642,0.5117935797749881,0.0035185265627036186,7.384561921723644e-4,23021,V_11,VY,Stream,NA
4.894762604013706e-4,0.022515907978463045,0.06363191385217817,0.09202153695545766,0.7792462065589819,0.040626529613313755,0.0014684287812041115,2043,V_12,VY,Stream,NA
0.002911593435680254,0.0026469031233456856,0.16146109052408683,0.16649020645844362,0.6622551614610905,0.0031762837480148226,0.0010587612493382743,3778,V_13,VY,Stream,NA
0.0035545023696682463,0.015007898894154818,0.7969984202211691,0.09004739336492891,0.09123222748815166,0.002369668246445498,7.898894154818325e-4,2532,V_14,VY,Stream,NA
0.0012695725772323319,0.004316546762589928,0.13635209479475244,0.19526026237833263,0.6576385950063479,0.004993652137113838,1.6927634363097757e-4,11815,V_15,VY,Stream,NA
0.0017770406349958536,0.011965406942305414,0.11989100817438691,0.13742447577301267,0.7086838052363464,0.01931050823362161,9.477550053311219e-4,8441,V_16,VY,Stream,NA
0.0024925224327018943,0.009305417082087071,0.2168494516450648,0.05018278497839814,0.6287803256895979,0.09238949817215021,NA,6018,V_17,VY,Stream,NA
NA,0.013258897418004187,0.43021632937892534,0.01849267271458479,0.5310537334263782,0.0038381018841591066,0.00314026517794836,2866,V_18,VY,Stream,NA
NA,0.0022471910112359553,0.16292134831460675,0.27078651685393257,0.5640449438202247,NA,NA,890,V_19,VY,Stream,NA
0.0016420361247947454,0.0049261083743842365,0.07750410509031198,0.2975369458128079,0.6183908045977011,NA,NA,3045,V_2,VY,Stream,NA
0.0015868817773075905,0.00908049017014899,0.12377677862999206,0.16512386493872874,0.6757471568368156,0.02397954685709248,7.052807899144847e-4,11343,V_20,VY,Stream,NA
NA,0.002701659590891548,0.0717869548436897,0.10883828637591664,0.785796989579313,0.03049015824006175,3.8595137012736397e-4,2591,V_21,VY,Stream,NA
0.001610305958132045,NA,0.11996779388083736,0.08856682769726248,0.7085346215780999,0.08132045088566828,NA,1242,V_22,VY,Stream,NA
0.0023537323470073975,NA,0.007397444519166106,0.06321452589105582,0.7901815736381977,0.13618022864828513,6.724949562878278e-4,2974,V_23,VY,Stream,NA
0.00211118930330753,0.005911330049261084,0.7625615763546798,0.18353272343420127,0.02913441238564391,0.016608022519352568,1.4074595355383532e-4,7105,V_24,VY,Stream,NA
0.0019946808510638296,0.0013297872340425532,0.47273936170212766,0.015957446808510637,0.4966755319148936,0.00997340425531915,0.0013297872340425532,1504,V_25,VY,Stream,NA
0.006853226727584237,0.017133066818960593,0.1353512278697887,0.1981724728726442,0.5762421473443746,0.06624785836664764,NA,1751,V_26,VY,Stream,NA
3.1826861871419476e-4,3.1826861871419476e-4,0.10057288351368555,0.07065563335455124,0.7873965626989179,0.039783577339274345,9.548058561425843e-4,3142,V_27,VY,Stream,NA
0.002152418107217327,0.010022196811730678,0.7530100221968117,0.17885249209658977,0.045940673975919825,0.009685881482477971,3.3631532925270735e-4,14867,V_28,VY,Stream,NA
0.0033554083885209713,0.014304635761589404,0.40635761589403974,0.05041942604856512,0.5154083885209713,0.008388520971302429,0.0017660044150110375,11325,V_29,VY,Stream,NA
0.0036213140196585617,0.007759958613554061,0.16787377133988618,0.3455768235902742,0.4702534919813761,0.0046559751681324365,2.586652871184687e-4,3866,V_3,VY,Stream,NA
8.017317405596087e-4,0.0016836366551751783,0.061172131804698146,0.10727170688687565,0.7660546781047062,0.06237472941553756,6.41385392447687e-4,12473,V_30,VY,Stream,NA
0.0019519119865140627,0.013308490817141336,0.18143909147369355,0.08118179398456216,0.6152958921125011,0.10673409635347351,8.872327211427557e-5,11271,V_31,VY,Stream,NA
NA,3.0197795560924054e-4,0.10569228446323418,0.09859580250641703,0.7351653329306961,0.05994262418843425,3.0197795560924054e-4,6623,V_32,VY,Stream,NA
0.00842358604091456,0.010830324909747292,0.48014440433212996,0.20296831127156037,0.2322503008423586,0.06337745687926194,0.0020056157240272766,2493,V_33,VY,Stream,NA
0.002966918854769322,0.00943056350265963,0.16402822811367537,0.1501896708839299,0.6471909636128594,0.025557886706084304,6.357683260219976e-4,47187,V_34,VY,Stream,NA
4.131093362709997e-4,0.004957312035251997,0.27678325530156983,0.02120627926191132,0.6852106857614982,0.01142935830349766,NA,7262,V_35,VY,Stream,NA
0.00426049908703591,0.007912355447352405,0.7285453438831406,0.08277541083384053,0.15702982349360925,0.019476567255021303,NA,1643,V_36,VY,Stream,NA
0.008969907407407407,0.018012152777777776,0.5520109953703703,0.022569444444444444,0.3767361111111111,0.017578125,0.003833912037037037,13824,V_37,VY,Stream,2.8935185185185184e-4
0.0015309246785058174,9.185548071034905e-4,0.5664421310471525,0.06276791181873852,0.35639926515615433,0.011022657685241886,9.185548071034905e-4,3266,V_38,VY,Stream,NA
0.001364566750056857,0.004321128041846714,0.9422333409142597,0.012508528542187855,0.03388674095974528,0.0029565612917898565,2.2742779167614282e-4,4397,V_39,VY,Stream,0.002501705708437571
NA,5.733944954128441e-4,0.2631880733944954,0.009174311926605505,0.7259174311926605,NA,0.0011467889908256881,1744,V_4,VY,Stream,NA
0.0037230413242754163,0.009834168916313151,0.4120264617757869,0.14552493399388888,0.4166394731377377,0.010427482274763417,0.001601946067815717,67418,V_40,VY,Stream,2.2249250941884958e-4
0.003123162100225111,0.0079802875742765,0.2108844227220183,0.13848384676225436,0.6006408566387474,0.037873410533573994,8.619116185686183e-4,98618,V_41,VY,Stream,1.5210205033563853e-4
0.00336954194707399,0.007883983505999087,0.2283190453585025,0.15173177701451138,0.5710163543790083,0.03554773672893804,0.0019081660197518453,107433,V_42,VY,Stream,2.2339504621485018e-4
0.0039210329265577885,0.011419059761601198,0.34608807398862645,0.1519640580414061,0.4583105660453727,0.02518567988181248,0.0018719770100985571,197652,V_43,VY,Stream,0.0012395523445247203
0.0033277870216306157,0.0029118136439267887,0.14267886855241266,0.13685524126455906,0.7142262895174709,NA,NA,2404,V_5,VY,Stream,NA
NA,0.010692701069270108,0.07810320781032078,0.4402603440260344,0.4695490469549047,4.6490004649000463e-4,9.298000929800093e-4,2151,V_6,VY,Stream,NA
NA,0.012246074052730154,0.041924794698170294,0.43754502233107623,0.5075637516208039,NA,7.203572972194209e-4,6941,V_7,VY,Stream,NA
8.883624518803672e-4,0.02576251110453065,0.12140953509031685,0.10689961504293752,0.5880959431448031,0.15694403316553154,NA,3377,V_8,VY,Stream,NA
NA,0.029771749917300694,0.5163744624545153,0.02547138604035726,0.41746609328481643,3.307972213033411e-4,0.010585511081706914,3023,V_9,VY,Stream,NA
0.0023880024664405036,0.01391294685169328,0.3781955329537804,0.16792494351371903,0.39926050361577564,0.035618494817642454,0.001811700776318685,917922,V_1,VY,Catch,8.87875004630023e-4
0.003830878003436523,0.01656291372074026,0.7168389622827526,0.16778400608433566,0.07289935494774795,0.019605081546998675,0.0014224951409819442,71002,V_10,VY,Catch,0.0010563082730063941
0.005111343595875056,0.01419817665520849,0.7057838888058586,0.17817964429831115,0.06809146614855777,0.025616499775818265,0.0016439994021820357,33455,V_11,VY,Catch,0.0013749813181886115
0.0012213740458015267,0.020458015267175573,0.8030534351145038,0.0900763358778626,0.08183206106870229,0.002015267175572519,0.0013435114503816794,16375,V_12,VY,Catch,NA
0.001968503937007874,0.011646981627296589,0.48113517060367456,0.03551509186351706,0.46538713910761154,0.0027066929133858267,9.022309711286089e-4,12192,V_13,VY,Catch,7.381889763779527e-4
2.2396416573348266e-4,0.01959686450167973,0.5712206047032474,0.030683090705487123,0.37245240761478166,0.0014557670772676371,0.004367301231802912,8930,V_14,VY,Catch,NA
0.001018576902556143,0.014648105931997866,0.5133385070572828,0.09686181306688656,0.3689916088664694,0.003831789300092157,0.001309598874715041,41234,V_15,VY,Catch,NA
0.0018412137280895567,0.008027691854470467,0.8540285756370599,0.056046545883046105,0.07129179555162764,0.006039181028133746,8.837825894829872e-4,13578,V_16,VY,Catch,0.0018412137280895567
0.00470542103715322,0.01566022938927556,0.5575188706989511,0.04462797764925008,0.36116557200274485,0.013920203901578276,0.0020341143025193608,40804,V_17,VY,Catch,3.676110185275953e-4
9.624282805848602e-4,0.011660188784008884,0.5198223209328151,0.07832685545067555,0.3796594484545623,0.00838423098278734,0.0011290024060707014,54030,V_18,VY,Catch,5.55247084952804e-5
5.565449688334817e-5,0.012884016028495102,0.06152604630454141,0.3864926536064114,0.5322517809439002,5.843722172751559e-4,0.0015304986642920748,35936,V_19,VY,Catch,0.004674977738201247
2.5759917568263783e-4,0.004894384337970119,0.049029709771595396,0.504808517946076,0.4381761978361669,0.002404258973037953,4.29331959471063e-4,11646,V_2,VY,Catch,NA
0.0012628813901798344,0.004546373004647403,0.10552636896342696,0.49838351182056984,0.3844210951707416,0.005405132349969691,4.5463730046474036e-4,19796,V_20,VY,Catch,NA
5.058292744613326e-4,0.011038500134615855,0.14852616034788,0.34921800425875615,0.4851147498184726,0.002920756133179953,0.0013053658695776325,122571,V_21,VY,Catch,0.0013706341630565142
8.1805495404456e-4,0.00182859342668784,0.05134497858620855,0.3849189163177903,0.5569991819450459,0.0037534286126750397,3.3684615754775996e-4,20781,V_22,VY,Catch,NA
0.001700198356474922,0.00793425899688297,0.08699348257296685,0.2367526211391329,0.6426749787475206,0.02394446018702182,NA,7058,V_23,VY,Catch,NA
1.0309278350515464e-4,6.185567010309278e-4,0.2539175257731959,0.06917525773195876,0.6737113402061856,0.0021649484536082476,3.092783505154639e-4,9700,V_24,VY,Catch,NA
0.004744958481613286,0.008896797153024912,0.060300514037168844,0.3916567813364966,0.5334124159746936,1.9770660340055358e-4,7.908264136022143e-4,5058,V_25,VY,Catch,NA
0.006294719681188298,0.0016755728647767413,0.27189566162485285,0.17240286205959604,0.44832895571053344,0.09831536998460284,9.9628656824563e-4,22082,V_26,VY,Catch,9.057150620414818e-5
0.0019675865996996843,0.003986951794128307,0.21897167710868326,0.1993993683011443,0.5692020918552271,0.005333195257080723,0.0011391290840366592,19313,V_27,VY,Catch,NA
6.168161711576759e-4,0.003101704174964313,0.1275752075145833,0.25009252242567365,0.6075463052711347,0.010714978058967626,3.524663835186719e-4,56743,V_28,VY,Catch,NA
5.920510708401977e-4,0.0026256177924217465,0.23419481054365734,0.15836079077429985,0.554159802306425,0.048548187808896213,0.0014157742998352554,38848,V_29,VY,Catch,1.0296540362438221e-4
4.973268680840482e-4,0.026233992291433545,0.15267934850180281,0.21372622155911974,0.5741638692030336,0.031828919557379085,8.703220191470844e-4,8043,V_3,VY,Catch,NA
0.0015636363636363636,0.057272727272727274,0.15309090909090908,0.17978181818181818,0.5690181818181819,0.038181818181818185,0.001090909090909091,27500,V_30,VY,Catch,NA
0.0020127474002012745,0.10969473331096947,0.13149949681314996,0.11070110701107011,0.5045286816504528,0.1405568601140557,0.0010063737001006373,2981,V_31,VY,Catch,NA
0.0011993571445705101,0.04742258149631797,0.1901700688431001,0.17836839454052628,0.5365923864808463,0.04499988006428554,0.0012473314303533306,41689,V_32,VY,Catch,NA
2.824326868762945e-4,0.004330634532103182,0.1322726416870646,0.19092449632837508,0.6588213142534363,0.013180192054227076,1.8828845791752966e-4,10622,V_33,VY,Catch,NA
8.166969147005445e-4,0.017241379310344827,0.08443738656987296,0.1397912885662432,0.6415154264972777,0.11506352087114338,0.001134301270417423,22040,V_34,VY,Catch,NA
1.9036740909956216e-4,0.0010470207500475918,0.1323053493241957,0.11307824100513993,0.6779935275080906,0.07376737102608033,0.0016181229773462784,10506,V_35,VY,Catch,NA
4.7974905434080634e-4,0.008746194298367009,0.11731709567303257,0.14636036534735677,0.6538426054064028,0.07216532890488052,0.0010886613156195222,54195,V_36,VY,Catch,NA
0.0040228497867889615,0.01753962507039987,0.18770617105157295,0.13597232279346688,0.4380078847855821,0.21675114651218924,NA,12429,V_37,VY,Catch,NA
0.001475277209346595,0.010326940465426164,0.2756388902108219,0.1364393470708609,0.4693761005092086,0.10636272783514968,3.8071669918621806e-4,21013,V_38,VY,Catch,NA
0.002044711014176663,0.02808069792802617,0.4510632497273719,0.17066521264994547,0.3173391494002181,0.030534351145038167,2.726281352235551e-4,7336,V_39,VY,Catch,NA
0.0022491475005441486,0.013180488040823236,0.22155312099446178,0.14326827734648964,0.4816077776971632,0.1379235289849815,2.1765943553653052e-4,41349,V_4,VY,Catch,NA
0.00453730083359713,0.039991558510077026,0.5362456473567585,0.1579613801836024,0.22876437691252505,0.030494882346734198,0.0020048538567057086,9477,V_40,VY,Catch,NA
3.484050789718179e-4,0.0200913595540415,0.27136884484360485,0.028646639826571695,0.6399039950449056,0.03948590895013936,1.548467017652524e-4,25832,V_41,VY,Catch,NA
0.0013867600905043429,0.014852930443033355,0.21070086125100357,0.1692485949930662,0.5630702138530034,0.03951810086854974,0.0011769213925990805,219216,V_42,VY,Catch,4.561710824027443e-5
0.0035658569199910855,0.004903053264987743,0.7713394250055716,0.06061956763984845,0.1435257410296412,0.015377757967461556,6.685981724983285e-4,4487,V_43,VY,Catch,NA
0.0016117230132046505,0.015244412773263572,0.2577322052866428,0.14646353536464635,0.5264475616113404,0.05136948630513695,0.0010689023544547163,418186,V_5,VY,Catch,6.217329131056515e-5
0.004512550531164802,0.0016922064491868007,0.37595186612766757,0.24936542258155495,0.32772398232584377,0.03845069098430008,0.002256275265582401,21274,V_6,VY,Catch,4.7005734699633354e-5
0.0019325782630555102,0.0142005256782586,0.2893139665373331,0.15316584321720186,0.49141370963807113,0.048119289507012226,0.0017416539560577101,471391,V_7,VY,Catch,1.1243320300981564e-4
0.0019205592470913717,0.010069041325988686,0.3933317688906455,0.18341958352888868,0.38923436998246175,0.020026924882049255,0.0013369809549687523,323864,V_8,VY,Catch,6.607711879060346e-4
1.2512512512512512e-4,0.008883883883883883,0.2723973973973974,0.21546546546546547,0.45257757757757755,0.05005005005005005,5.005005005005005e-4,7992,V_9,VY,Catch,NA
