LocCode,Mean_Biomass,Median_Biomass,Max_Biomass,Min_Biomass,Std_Biomass,Sum_Biomass,River,Class,Biomass_Area
GO_1,0.20719702342444965,0.058898032721503187,5.76856895573524,0.011327111606707999,0.5834084883670371,38.53864635694764,GO,100,71.96241440155369
GO_10,1.7798363558916699,1.6117612959530843,7.005918143811653,0.011339485778672243,1.1710756085301244,236.71823533359208,GO,100,610.007704863666
GO_11,0.4393016392957675,0.1370420445142017,2.8835496826045626,0.01193277449090064,0.6054342101950515,67.6524524515482,GO,100,144.85192987212216
GO_12,0.13344415734312057,0.06737753012389765,1.7757571220876562,0.011402369779587472,0.20798894699657516,40.433579674965536,GO,100,68.78697328011583
GO_13,0.6238016442247705,0.43422908178425074,4.9521337546373525,0.0115922360153885,0.6624908627274131,163.43603078688986,GO,100,205.773406444471
GO_14,0.4174343729048477,0.250242876633147,2.4586417336997752,0.009182873450521004,0.46166951110855275,81.3997027164453,GO,100,114.79129038959042
GO_15,1.1931497992601772,0.9044959891304524,5.755679698305006,0.021087565306212225,1.0075901145685415,199.25601647644962,GO,100,426.07154309794703
GO_16,0.7247001911821932,0.25270451571965313,3.9018163296914725,0.010593663297545528,0.9667222802824242,100.00862638314265,GO,100,239.36007227908843
GO_17,0.7162685652709886,0.32040933447930775,13.026695111259498,0.02141073633929544,1.516152155946781,114.60297044335819,GO,100,200.2052563772485
GO_18,1.2332432100488546,0.9773194681434794,8.363074536587726,0.011959607253358746,1.3905270157454208,231.84972348918467,GO,100,360.0984417090756
GO_19,0.5675050730101717,0.38408679703305565,3.3661525909014585,0.008445007279565177,0.5749567702786477,171.38653204907186,GO,100,181.7173897716541
GO_2,0.8039807455375516,0.8449712121198779,2.354246055493683,0.010518051876283577,0.5937006295850585,158.38420687089766,GO,100,235.97182637615907
GO_20,0.275677420098454,0.07116680404992917,2.2070826938482093,0.010300506016648184,0.42011921906239696,40.24890333437428,GO,100,85.88080989993979
GO_21,0.5330178665345895,0.19023832204968613,5.456021465277133,0.009741300302672631,0.847643870207026,103.40546610771037,GO,100,211.0299348280849
GO_22,0.2329144766790278,0.052483460508273724,4.9153223670404795,0.010045489540320869,0.5164153208699566,70.34017195706639,GO,100,73.8518238260739
GO_23,0.5446364068490377,0.2177492592455545,5.291876787711167,0.009718399410992458,0.7446869236632557,63.722459601337405,GO,100,172.95274364230679
GO_24,0.5418354542512596,0.226520848018932,3.4149264366870384,0.01055175662518907,0.7541335551671136,83.98449540894524,GO,100,186.96717913555614
GO_25,0.1836792829931382,0.025714121710035093,2.7435689439503865,0.008527142343476313,0.41733883922163206,21.306796827204035,GO,100,28.373482406710654
GO_26,2.0478624308655666,1.9244451136136311,9.237454753829603,0.016194838027569783,1.324601163912534,231.40845468780904,GO,100,990.7357219533525
GO_27,0.1265764414712753,0.058958110377907394,2.4128582470364046,0.013606300332071674,0.2231796310609008,56.95939866207389,GO,100,51.42948688896286
GO_28,1.0054733451316784,0.6601279862336433,4.774248639673749,0.011619866323426315,1.0942223987192554,182.99614881396548,GO,100,311.3270476988391
GO_29,0.5444770962690784,0.1214689653999603,2.839035890589558,0.009174338545799061,0.6352600404375774,129.58554891204065,GO,100,205.98557056069652
GO_3,1.437516986984825,1.3492096829451035,5.586183165590705,0.08947110974549558,0.791924335277944,389.5671034728876,GO,100,397.6517887787455
GO_30,0.4235726905785042,0.24423900890391514,8.03318565937918,0.010767139963503116,0.635595989591504,100.810300357684,GO,100,152.04545186419665
GO_31,0.8478479280261955,0.7203525107175643,4.35660059483816,0.013425566379415237,0.8441894467566355,180.5916086695796,GO,100,275.3784515696724
GO_32,0.8625451498805484,0.605540536969834,9.338590682070777,0.010607482388569213,1.1635186237363297,245.82536771595628,GO,100,354.35337327912174
GO_33,0.7071683395318074,0.17191950560460556,5.960900484113511,0.009439075003016686,1.0348265759232416,165.47739145044292,GO,100,180.4172091331619
GO_34,0.17891782966502784,0.0880968585152008,2.390225662071936,0.013762575908208046,0.29042460982559143,66.55743263539036,GO,100,75.07448269961142
GO_35,0.05914678790793141,0.025383130246776575,1.2712941932379227,0.009264796132538602,0.12764540107059033,12.243385096941802,GO,100,12.761742140223042
GO_36,1.0450308884231911,0.852038806958298,8.917984534628054,0.012327127785743162,0.9597418616680085,257.077598552105,GO,100,341.3474873833754
GO_37,1.0255867702685615,0.4964207140346184,7.443706395449875,0.011211553622989767,1.2404299281581017,293.3178162968086,GO,100,343.9293170881661
GO_38,1.2642426634809225,1.1057683676509693,5.464049513660696,0.010505549136590344,1.1189443166007493,213.65701012827589,GO,100,241.19619717309217
GO_39,1.0742785616696056,0.975520937321084,5.816999492170108,0.011406164061266082,0.7185719215737627,380.2946108310404,GO,100,446.30006310047384
GO_4,0.3657419427585619,0.1509312926020233,3.0798603153622053,0.008045922188093092,0.4693775972727166,79.7317435213665,GO,100,83.09903384868053
GO_40,0.9827641959249602,0.44780328069192216,9.013492890373515,0.010394020250750506,1.4517869448845457,319.3983636756121,GO,100,261.3154381010118
GO_41,0.7759927316720162,0.6336132822018165,3.972768844166682,0.00985797357898878,0.6839516707161597,215.7259794048205,GO,100,311.4003174961448
GO_42,0.866951532490548,0.6073822663938073,10.349153978883303,0.011101321343336818,1.0175409157363755,313.8364547615784,GO,100,362.83821907133813
GO_43,1.3839722474456115,1.2062650284097571,6.675116914035265,0.010188694215606467,1.5372673501971128,125.94147451755065,GO,100,279.8199954993233
GO_44,1.741150807986105,0.8724727190360299,18.342563393752986,0.012039528229417113,2.298474947270146,391.75893179687364,GO,100,377.1348916770158
GO_45,0.41915913967652246,0.23161588354395163,4.854197188372299,0.013564120540008906,0.676755676001363,42.33507310732877,GO,100,120.45932066327605
GO_46,0.5594204633960409,0.4824310025940311,3.045227563095642,0.027373292551976555,0.43275124476925514,293.13632281952545,GO,100,298.84590467269487
GO_47,0.25182374707402866,0.1510067237373827,1.7361202611588464,0.009208262192313311,0.2757490744165532,95.44120014105687,GO,100,98.26787507439192
GO_48,0.5213412505308134,0.11913895762148467,7.77840286008976,0.011093380930555652,0.9569620199750877,129.29263013164172,GO,100,120.45857873020805
GO_5,0.5052496974385922,0.392981547762963,2.382079003982843,0.0076651114813780005,0.4711526677083419,104.08143767234999,GO,100,156.14868289865183
GO_6,0.16734898891311872,0.06706315789697473,1.7620465667262244,0.021365307239549314,0.28917817360571474,17.906341813703705,GO,100,96.90070508957955
GO_7,0.19831707012144506,0.06462324598490234,1.1772284612999966,0.012293323832690778,0.27343337441869175,31.532414149309762,GO,100,102.94747313240036
GO_8,0.5909303868787327,0.4594628060568835,2.394346709524644,0.005225662516197148,0.6044779288726241,70.32071603856919,GO,100,211.37429665278816
GO_9,0.3146103245989443,0.1476175294163837,7.985450288714861,0.01075494064347437,0.6796451212743603,126.4733504887756,GO,100,112.55577916544739
GO_1,0.13092725537825115,0.05337549951911902,5.76856895573524,0.00842979299809904,0.275663760225534,334.91191925756647,GO,500,39.916994184844974
GO_10,1.5320058043812939,1.40618935886053,8.311694460520934,0.011339485778672243,0.7435808980833704,2150.9361493513366,GO,500,514.5595672002415
GO_11,0.9520699327691133,0.5653877047502166,9.065436263504685,0.008063660486820112,1.039697984156666,2204.0418943604973,GO,500,272.57364490885476
GO_12,0.5835445711885081,0.22258640275240982,5.598469118319587,0.007555350266111652,0.6487227955164505,1968.295838618838,GO,500,184.02608594601048
GO_13,0.8921843752803444,0.7356678464471588,5.884092007866492,0.0072802284428765225,0.835333034864675,2900.4914040364,GO,500,268.9398091360337
GO_14,1.1385012858972299,0.9967527999406389,11.964746864123024,0.008867764505482266,1.0810602871642285,3081.922980923801,GO,500,329.23247346721166
GO_15,0.8026564238832684,0.5750213073235344,7.289896503220435,0.0063784916906062805,0.835090047973606,1614.1420684292527,GO,500,240.39563282296353
GO_16,0.4797805102044052,0.21445437965877673,4.938588936846072,0.010593663297545528,0.6748164339653078,616.9977361228651,GO,500,155.44719910629445
GO_17,0.5238654538153548,0.16244362250652303,13.026695111259498,0.009907332626219659,1.088510873679403,911.002024184902,GO,500,152.35207300547734
GO_18,0.8717850112753556,0.6631202681150803,11.991088694003793,0.007125334072668099,0.9671089703947583,3035.555409260788,GO,500,271.7297392233172
GO_19,1.507521587746829,1.4650476423452181,7.1010879155097735,0.009799942344835357,0.8650187331426363,5065.272534829346,GO,500,451.29449778155123
GO_2,0.7192277473994313,0.7546374873360299,2.354246055493683,0.008634014496699384,0.4805394748375325,635.0781009536979,GO,500,205.14466920957258
GO_20,0.5356518356586903,0.2903854622679034,7.3664889980416985,0.0089556009867064,0.6855663825294133,1121.119292033639,GO,500,157.78696435044264
GO_21,0.9722879409150433,0.745141386864306,5.456021465277133,0.00910357323890536,0.9373645161829469,910.0615126964806,GO,500,281.7621873970047
GO_22,0.4953167805456484,0.1592602038987661,14.115432866485818,0.008765449749669765,0.816432587679118,1579.5652131600727,GO,500,144.57334743625478
GO_23,1.1678209870063125,1.016869902630632,9.686869753690717,0.008126108918502918,1.0174591387410639,3278.073510526719,GO,500,318.9154796646293
GO_24,0.8238648355897805,0.4816196681008141,4.831267957850209,0.010551756625016727,0.9709439070799036,202.67074955508602,GO,500,284.5326285331326
GO_25,0.5910992599498522,0.29602827547390215,8.590578173234741,0.008527142343476313,0.7252396988448105,3037.6590968822907,GO,500,230.17994619470485
GO_26,0.611438151471528,0.16372300823531125,10.698040914582686,0.008352179037901808,1.065278665258589,1197.1959005812519,GO,500,203.29883051358655
GO_27,0.36787097555574266,0.16586884411899824,11.689427763192093,0.009994798971199774,0.5493940907376476,1457.1369341762966,GO,500,134.24406693698896
GO_28,0.8792732210810746,0.49975225837925447,11.325692457200297,0.00903218712379329,1.1071817689007988,1954.6243704632288,GO,500,272.2853635491815
GO_29,0.28815194304914415,0.05263445454070399,7.438251371891265,0.009174338545799061,0.5740596550950073,196.80777710256544,GO,500,118.19252342043725
GO_3,0.5633951062767577,0.31344402662771165,14.101540041888574,0.008304740503832403,0.7373960557560063,1298.0623248616498,GO,500,168.04381168198756
GO_30,0.29464338681796853,0.1301882372086382,8.03318565937918,0.010125609807184143,0.43205991380486286,471.42941890874965,GO,500,110.79325226103757
GO_31,0.3858909166364048,0.07688018820426455,5.926804700418302,0.008282833494903373,0.7198411304568618,848.5741256834541,GO,500,123.51426556837973
GO_32,1.1200274552814804,0.9430918123721879,17.984914275073166,0.007460233004878227,1.1155563323936208,3153.997314072649,GO,500,311.3130948203765
GO_33,0.5108406782469487,0.09242069390766583,7.591230029376288,0.008282833494903373,0.8817835957863647,1496.2523465853126,GO,500,146.85866056303905
GO_34,0.21101505932572423,0.10545920157874177,9.338590682070777,0.008753980298156236,0.3504257715300371,2351.1297910072194,GO,500,87.08410527265377
GO_35,0.23428486328777098,0.0710126079875418,6.276198778226403,0.009264796132538602,0.37470168461571923,727.9230702351044,GO,500,84.64591483624653
GO_36,1.499102873725999,0.9287531510158256,15.717793449785773,0.010376504090822896,1.8767197141710212,3647.317291775356,GO,500,443.42211402871897
GO_37,1.061709865855371,0.47917343466635587,11.11630436769513,0.009326527796070665,1.3818831542652592,2711.6069973946173,GO,500,238.38468564501895
GO_38,0.9378012711005076,0.14569882106185197,27.433726785964538,0.008811408585532981,1.3449050148381647,4538.958152126457,GO,500,257.127954318491
GO_39,0.628069704732715,0.17554881149732715,19.719942583436442,0.007620489735741024,1.0462783756566434,2923.664475530788,GO,500,163.42137690184882
GO_4,0.5115782729504496,0.33015919652524217,5.286385288573273,0.008045922188093092,0.573464131159693,2134.304554749275,GO,500,144.05847503480433
GO_40,0.30913930991012933,0.08852940816132296,10.514280750724678,0.008038589258966044,0.6770950923631291,2103.07472531861,GO,500,93.15457115445739
GO_41,0.6246909926654608,0.48402030722372175,5.0117273896397645,0.009308462003677975,0.5876903275878276,1767.2508182505887,GO,500,215.64656569786277
GO_42,0.6891300290687177,0.2638028891808279,11.16096982212719,0.007620489735741024,1.1252796850376396,3320.9176100821505,GO,500,199.56255000396425
GO_43,0.7069449235451702,0.04115807815159959,10.187842441602326,0.00938081323591185,1.252633716097006,875.904760272466,GO,500,237.29588210344585
GO_44,1.1184165989489359,0.7405994101223052,18.342563393752986,0.007835613778045163,1.343765327270451,5451.1625032771135,GO,500,344.9517234574575
GO_45,0.4191591396789932,0.23161588354395163,4.854197188372299,0.01356412054158766,0.6767556760018377,42.33507310757832,GO,500,120.45932066130476
GO_46,0.6038774449981792,0.34561183013254937,17.822959651053132,0.009794756424955992,0.8812295355222799,1943.2776180041408,GO,500,242.69182242615932
GO_47,0.49258657056535415,0.2638997916212756,10.215064632569055,0.009208262192313311,0.6950740218604957,2752.081169748634,GO,500,153.0611712822322
GO_48,1.216921440952806,0.5743620574084372,33.147169421965145,0.008501707219315159,1.9150310541221636,10450.921334902698,GO,500,363.4394129934379
GO_5,0.863354225949033,0.6906768962353487,8.785088926207909,0.007665111481590313,0.8744273666233058,2086.7271641188127,GO,500,250.9620574993769
GO_6,0.24849268370686228,0.12245260079468696,3.935930221204794,0.00839138934154949,0.3480891874995719,298.19122044823473,GO,500,97.65568853685294
GO_7,0.42859925460394815,0.11670504399292246,6.648958165084506,0.006317363107511024,0.6833712150449727,797.1946135633436,GO,500,116.73410056891393
GO_8,0.8726612198371895,0.8310068032563849,4.672601254639724,0.005225662516197148,0.6173611614026094,1412.8385149164096,GO,500,293.81550906586284
GO_9,0.4946779142371626,0.17841131399804216,10.891435305746024,0.005964014079915128,0.6887692710514725,3894.104540874944,GO,500,152.2768819276682
GO_1,0.0946670897598156,0.04381409547394717,5.768573386522865,0.008253393021876802,0.1750895153807786,1031.87127838199,GO,Catch,19.1685889564876
GO_10,0.6138310026050561,0.14752458430743873,8.311694460520934,0.006198898097862467,0.7501101589633514,3500.678207856635,GO,Catch,143.32584391370946
GO_11,0.853851224664528,0.6776703152996133,9.065436263504685,0.007639132461358385,0.748525298447916,7044.272603482356,GO,Catch,255.4902842054302
GO_12,0.34507075545723115,0.07803501679724496,5.900903942663517,0.004893503000355771,0.5367391153704997,8712.001363028716,GO,Catch,90.50885335438278
GO_13,0.9237561951470711,0.8420849091575048,7.800045487528619,0.006446469762355783,0.7798580784264612,10195.497125838225,GO,Catch,252.09451633205182
GO_14,1.0122084741655748,0.8319859793100086,11.964746864123024,0.007572256025890569,0.8840756640560231,14847.07389906065,GO,Catch,294.0890968660355
GO_15,0.4795313576381922,0.1407917296437656,21.114141051133714,0.003744379180318578,0.7038479239190747,42011.26271132438,GO,Catch,111.07061784833796
GO_16,0.5510649249022724,0.15140093046895298,8.967288184705327,0.006549170933904644,0.8678637771419903,3305.838484488733,GO,Catch,143.986377179
GO_17,0.7406936932698575,0.3255233774870916,16.846444350764283,0.008105523805508804,1.127098041403107,2954.627142453461,GO,Catch,192.7338733812874
GO_18,0.6164124314087486,0.25747896389421193,11.991088694003793,0.004893503000355771,0.7717038802541715,33585.231325305664,GO,Catch,166.85202504630698
GO_19,1.2086947424184493,1.1107989037802402,7.760346596117983,0.008303773576827019,0.8741908166705105,8694.141282215905,GO,Catch,364.65038547015496
GO_2,0.7131878509215531,0.7483903070072381,2.354246055493683,0.008634014496699384,0.46741541766540656,773.0956303989636,GO,Catch,204.49060283854362
GO_20,0.5678297392621366,0.20424019234715968,14.101540041888574,0.00559544871900534,0.765247178951518,11358.86610419978,GO,Catch,134.5972135521395
GO_21,1.0874820501466156,0.9380233001076136,5.883488477264179,0.009103557361985577,0.935955618050023,1567.061634261273,GO,Catch,307.01159368698126
GO_22,0.7763627747914265,0.2994855688431524,14.115432866485818,0.005588391087545613,0.950469946834032,7283.835553093163,GO,Catch,223.0436901207524
GO_23,0.9930450644774078,0.832615413293245,12.609322937846338,0.006911336839947275,0.9318718243816135,12441.861612837443,GO,Catch,271.9200705798948
GO_24,1.0533339645362716,0.5605185154075871,5.642165762128313,0.010551758702153816,1.1799833171992458,334.96020072253435,GO,Catch,375.36434191155905
GO_25,0.5269464772013652,0.1769929305974334,12.469533258994707,0.008160547094059466,0.8043649681862601,7416.771666609216,GO,Catch,181.00799619094283
GO_26,1.1153495600962124,0.8009761053060884,15.256352954609207,0.007853941126385131,1.193385984978516,8067.323368175905,GO,Catch,330.3433803633248
GO_27,0.630980928828651,0.2729735799604758,11.991088694003793,0.004893503000355771,0.8066834323158965,39365.00720683305,GO,Catch,174.78965614129598
GO_28,0.6995125534292893,0.41948154857848863,21.114141051133714,0.003744379180318578,0.8749692466706969,101737.10577075585,GO,Catch,173.76524224853557
GO_29,0.5952975012452787,0.10623611176569396,12.314446810224705,0.009174338545799061,0.9596957249030699,792.9362716587111,GO,Catch,208.58761317506625
GO_3,0.38197300388705957,0.11928451323656714,14.101540041888574,0.0069954892927854475,0.6166315232347077,1488.548796147871,GO,Catch,79.077814589012
GO_30,0.6709505530984814,0.1996416466396097,14.115432866485818,0.005588391087545613,0.8997274220822912,11477.280161302624,GO,Catch,192.1383701738126
GO_31,0.6875040183983628,0.21991648708333275,7.484004397394009,0.008282833494903373,0.8394646793628914,2523.82725154039,GO,Catch,205.35199525435604
GO_32,0.8513271321431048,0.52636521804708,17.984914275073166,0.006211125020445147,0.9695595199600606,25107.339781164446,GO,Catch,223.84196593890564
GO_33,1.029076362220597,0.8555855615000233,10.520191661155245,0.008282833494903373,0.9863104892326411,17450.047874174663,GO,Catch,301.37625973582357
GO_34,0.790421518037107,0.392768340074948,31.08103098776897,0.006211125020445147,1.0580256428767711,77190.9846084678,GO,Catch,218.13282756518834
GO_35,0.3472538809881267,0.088506786354842,6.276198778226403,0.009264796132538602,0.5098100313927985,1658.4845355992932,GO,Catch,125.12479747712942
GO_36,1.4104632608835967,1.1895404360688713,15.717793449785773,0.008357150299413012,1.4626795687731144,11067.905208153585,GO,Catch,416.1736082799654
GO_37,0.8012042311195019,0.2798010534343032,26.595987691741293,0.007293355727464935,1.27801699808365,21248.73741352031,GO,Catch,227.84439725595655
GO_38,1.1024660045655026,0.7266272571664891,30.272900837621695,0.004835769369962725,1.3875306015211741,45470.10789229959,GO,Catch,299.61253320877086
GO_39,0.9304730695593972,0.4386076918467859,30.272900837621695,0.004835769369962725,1.3237450821154644,73075.63299091683,GO,Catch,255.41653562695586
GO_4,0.3454962386725842,0.0865161541047064,7.853219060288072,0.006944130259140725,0.48422830762837216,10641.629647354266,GO,Catch,79.55373226483871
GO_40,0.6905100302215375,0.2885634257683113,31.08103098776897,0.005588391087545613,0.9658174528746439,110683.92427430091,GO,Catch,190.6309566318823
GO_41,0.7160985521802049,0.35579657865850883,19.649514388210427,0.004893503000355771,0.9287054870424228,67374.13228187458,GO,Catch,201.8423522025158
GO_42,0.8061326215819818,0.4521107745333752,30.272900837621695,0.003744379180318578,1.0693957250867114,199949.10479408686,GO,Catch,209.04337768059634
GO_43,1.1984704074771768,0.9930576666223088,17.958191899896107,0.007846326831911679,1.3669248214466825,2858.3519218330666,GO,Catch,351.7083787555622
GO_44,0.7572150876281692,0.375508291692701,31.08103098776897,0.003744379180318578,1.0235063766914374,391856.53620231466,GO,Catch,203.64590872837414
GO_45,0.8024277462518744,0.2608905158795292,13.323931354567195,0.01093421334923751,1.6858438332674852,214.24820824925047,GO,Catch,229.0673631576594
GO_46,1.252568573563154,0.8372535061666048,27.144864610100765,0.008817990208485582,1.4391471327873786,24182.08888121025,GO,Catch,416.3271592928525
GO_47,1.1587751934641533,0.722947109017896,27.80572501144701,0.007275828714021134,1.4638394530536214,33406.33005237807,GO,Catch,350.1153638985393
GO_48,0.8455583206497101,0.4370700530356677,41.63969235966344,0.003744379180318578,1.173085162091629,535443.0420848638,GO,Catch,232.93840477855238
GO_5,0.5530204492714401,0.19823191144253838,16.03490027340657,0.003815692796893389,0.8659122718983919,9085.57296108049,GO,Catch,115.63456718484062
GO_6,0.19973743520229853,0.05783782007077589,4.454507745780682,0.007693095375249661,0.31382163138578134,1106.745128455936,GO,Catch,37.82328392931668
GO_7,0.4189436526695199,0.0929837814501167,21.114141051133714,0.003744379180318578,0.7797215289749199,7651.586872356112,GO,Catch,87.05701011653971
GO_8,0.8331191808643925,0.8086973351610147,4.672601254639724,0.005225662516197148,0.5404646627532722,2664.3151404043274,GO,Catch,263.32923342663696
GO_9,0.43063474210460584,0.11090676242864252,21.114141051133714,0.003744379180318578,0.693020294969502,30739.13852616887,GO,Catch,95.06175341641277
GO_1,0.106834523207117,0.050305076722159434,5.768573387851786,0.00842979299809904,0.21314851117143918,525.4121851326014,GO,Stream,26.944177313248368
GO_10,0.7714039812515571,0.7311446039888259,8.311694460520934,0.006198898097862467,0.7803653821705229,3408.0627891693794,GO,Stream,230.63254038269926
GO_11,0.8570157616067037,0.5855716980769428,9.065436263504685,0.008063660486820112,0.8610504667145508,3841.144643521246,GO,Stream,262.84214486773004
GO_12,0.4233917134257026,0.10464019600778726,5.598469118319587,0.004893503000355771,0.5939270040995087,4962.997664776085,GO,Stream,125.70158028484377
GO_13,0.862875111800462,0.6593951658975785,7.800045487528619,0.006946237590132022,0.8415844646085242,4650.03397749269,GO,Stream,264.33297052622436
GO_14,1.0282876716883582,0.7980281096177487,11.964746864123024,0.007572256025890569,0.9748342471207465,8564.608017492335,GO,Stream,303.6603964764849
GO_15,0.5379428345156037,0.20412253479027948,21.114141051133714,0.0032917648420816665,0.7439376812554457,27390.973247865506,GO,Stream,145.1753227663299
GO_16,0.7953316407607066,0.3112197970301727,8.967288184705327,0.006549170933904644,0.9949767736647048,3003.1722755124283,GO,Stream,238.20020120500843
GO_17,0.5500541530263015,0.17954942601964405,13.026695111259498,0.009158259342119678,1.0553007043137625,1090.7573854511559,GO,Stream,144.73170886269762
GO_18,0.7157494483876853,0.3451855295326426,11.991088694003793,0.004893503000355771,0.8617295953493802,20824.730200839702,GO,Stream,214.2277877474228
GO_19,1.1989609286552814,1.1263028270283748,7.760346596117983,0.008462722702570516,0.860336111905366,6895.224300696523,GO,Stream,369.653657243506
GO_2,0.7192278456228679,0.754635297474557,2.354246055493683,0.008634014496699384,0.48053950226954817,635.0781876849924,GO,Stream,205.1446537919875
GO_20,0.6575387821852845,0.31322072511689286,14.101540041888574,0.0076059777020777005,0.8046265003467635,10710.6492230161,GO,Stream,188.73137504423562
GO_21,1.070809637669614,0.8968181701742887,5.883488477264179,0.009103557361985577,0.951645646855735,1311.741806145277,GO,Stream,305.1734771844154
GO_22,0.8433580687154005,0.44255802708887076,14.115432866485818,0.00768518930807535,0.9789983793348793,6000.492658910074,GO,Stream,240.082961336677
GO_23,1.1874423566387347,1.0582861350355923,9.686869753690717,0.008126108918502918,0.9332108969642278,6524.9957497298465,GO,Stream,325.47889125032475
GO_24,0.8238647140274464,0.4816199227528889,4.831267957850209,0.01055175870232615,0.9709436037476042,202.67071965075183,GO,Stream,284.53265830395867
GO_25,0.517185954341315,0.16067732464133722,9.536727543339307,0.008527142343476313,0.7210694228611815,3612.0267051197434,GO,Stream,197.54918280369606
GO_26,1.1910736726269728,0.9037553861032342,15.256352954609207,0.008352179901869964,1.283598777490242,5421.76735779798,GO,Stream,366.22151032301565
GO_27,0.6913036544347146,0.3055856714211988,11.991088694003793,0.004893503000355771,0.8678374683701886,23641.20237435837,GO,Stream,210.29669725787144
GO_28,0.73396060109749806,0.425449526782851,21.114141051133714,0.0032917648420816665,0.9107716560189872,61810.492021425795,GO,Stream,202.97822352152403
GO_29,0.28815193158447494,0.05263445454070399,7.438251371891265,0.009174338545799061,0.5740596072292186,196.8077692721964,GO,Stream,118.19249203468053
GO_3,0.5426688670871077,0.2999095032754828,14.101540041888574,0.008304732530276004,0.7229749118402338,1326.8253800279783,GO,Stream,161.6942340507039
GO_30,0.7074201726310999,0.24806679061642234,14.115432866485818,0.007039196212864957,0.9156002339495127,10356.631327319303,GO,Stream,207.9425463278363
GO_31,0.44618745817653255,0.10122789728048807,5.926804700418302,0.008282833494903373,0.7270641509020681,1135.5470810592753,GO,Stream,140.6787625155539
GO_32,0.9210497192591256,0.5772289708712491,17.984914275073166,0.006211125020445147,1.0111282567819306,20809.276307221426,GO,Stream,254.42678340328592
GO_33,0.9275866726101903,0.6597103141255213,7.760346596117983,0.008282833494903373,0.9564126597452242,12028.94397040895,GO,Stream,280.25830288568153
GO_34,0.7033830669907623,0.2560010294338674,21.09649618529148,0.006211125020445147,0.9923482060902259,45859.169201663724,GO,Stream,206.7754340317518
GO_35,0.2638677496994521,0.07398081570461117,6.276198778226403,0.009264796132538602,0.4180796900992732,866.2778222633012,GO,Stream,95.01740921114927
GO_36,1.312124323797907,0.866938115592319,15.717793449785773,0.009837121822530307,1.6252678576865136,5585.71324640769,GO,Stream,396.4003271387666
GO_37,0.5939548691554392,0.1800334430517488,11.116304367569452,0.008527142343476313,0.9100337072047683,7565.797123301984,GO,Stream,179.101735192006
GO_38,1.0592943965668098,0.6926397722457708,27.433726785964538,0.007519272242907859,1.265381601316064,24454.870439141374,GO,Stream,303.5255429027726
GO_39,0.8424853434501971,0.34994785676859075,27.433726785964538,0.007519272242907859,1.1529060967912679,35087.82958401381,GO,Stream,242.13700951253333
GO_4,0.430832326466459,0.14876908546769732,7.853219060288072,0.007110855544549265,0.5337026173482924,7043.246873073672,GO,Stream,118.75900666340763
GO_40,0.6492919696988061,0.23511480181498012,21.09649618529148,0.006211125020445147,0.9214063080642562,73176.50356899486,GO,Stream,192.29754124729797
GO_41,0.7660444870967749,0.35206134911589826,19.649514388210427,0.004893503000355771,0.9984785361814615,44116.50201190326,GO,Stream,231.5989150099362
GO_42,0.7989570687144216,0.43254022353427474,27.433726785964538,0.0032917648420816665,1.0191970530128696,115619.4742848701,GO,Stream,225.39632247944766
GO_43,0.7069450071905027,0.04115807815159959,10.187842441602326,0.00938081323591185,1.2526338276312485,875.9048639090329,GO,Stream,237.29583623484882
GO_44,0.7457005964454213,0.33036187271446055,27.433726785964538,0.0032917648420816665,0.99499311932001,241084.25713020825,GO,Stream,216.67845842007804
GO_45,0.41915897305575034,0.23161588354395163,4.854197188372299,0.013564149626344417,0.6767555462044188,42.33505627863078,GO,Stream,120.45929386161228
GO_46,0.9111452626027526,0.42471691022705615,17.822959651053132,0.008044358906522133,1.2492936605285732,8633.101363161082,GO,Stream,320.20559423538884
GO_47,1.0085037595325743,0.4484135549231367,27.80572501144701,0.009208262192313311,1.5056536540781067,17596.373596324356,GO,Stream,315.60503772222523
GO_48,0.794953331773747,0.3566573254853772,33.147169421965145,0.0032917648420816665,1.1031463781679465,307162.01786405814,GO,Stream,234.75010395383111
GO_5,0.6176353185766504,0.3302162369510626,14.640347550899207,0.003867019452132277,0.8540619063048198,6593.257025805744,GO,Stream,151.70394675103995
GO_6,0.16119130881594274,0.061469916445133076,3.935930221204794,0.008391387225537532,0.2737756540586969,385.2472280701031,GO,Stream,38.66208020432168
GO_7,0.4912615655149115,0.12087258055910455,21.114141051133714,0.0032917648420816665,0.8903514871278593,4570.697605550737,GO,Stream,119.59245725142728
GO_8,0.8473690080494153,0.7934926533543567,4.672601254639724,0.005225662516197148,0.5963917027981469,1581.190569020209,GO,Stream,280.4656930534228
GO_9,0.5077774304559932,0.17698004246754326,21.114141051133714,0.0032917648420816665,0.7408779988563063,20992.026752481215,GO,Stream,133.50636820233453
V_1,0.1407186963192968,0.054181015793532905,2.1879117069740435,0.010116292123349229,0.24158330145319765,33.49104972399263,VY,100,30.762662491668227
V_10,0.3595989264099125,0.13283783895256607,3.3905777630032476,0.009209397541399513,0.4795240716092433,97.45130905708629,VY,100,93.42027788881947
V_11,0.21995854898185024,0.06785207868868921,3.111033196929882,0.009096806872630958,0.5013237416492231,30.134321210513484,VY,100,33.63916576618272
V_12,0.12434981809599671,0.048965085998372807,1.0053121019175717,0.010295762535672161,0.17064235842397515,15.295027625807595,VY,100,17.935355872652572
V_13,0.10589714529749833,0.05696653447394612,1.6183706344852913,0.010632000954497692,0.16949401271623282,18.849691862954703,VY,100,21.466710460149656
V_14,0.3222125333257537,0.1941363666413996,1.8813093219376518,0.009723205146981433,0.3395846618550986,99.5636727976579,VY,100,83.45786540343899
V_15,0.08372091827643281,0.0403268370271337,1.0983814705707924,0.009304588333647834,0.11915023080182383,14.734881616652174,VY,100,19.80840910589315
V_16,0.07171769558185859,0.01827088530394129,1.311787310911274,0.010002098322967378,0.1876038704659105,7.028334167022142,VY,100,6.8948652946788505
V_17,0.16807486687683104,0.03785412898999169,1.7111670079745056,0.0056836304570167875,0.3242481785486686,18.824385090205077,VY,100,18.694316280328216
V_18,0.4454903895300103,0.3171084771598421,1.9362690459238028,0.010465293356971024,0.4515321955544539,43.65805817394101,VY,100,73.37540592095034
V_19,0.019716913788032604,0.014741852714691256,0.07201731511019503,0.009858251954180563,0.014459750646327776,0.41405518954868464,VY,100,0.4737667804216671
V_2,0.07430127038680762,0.038264288162736686,1.173233486212684,0.0084928277514461515,0.10848746844843078,14.860254077361523,VY,100,17.633542892834594
V_20,0.01853968563700234,0.01450845952261285,0.07292927235962966,0.008673362885621086,0.013236001103553401,0.648888997295082,VY,100,0.54740805694155
V_21,0.20103963441914627,0.03391362886516547,3.072802205093737,0.007069193245185954,0.4193066483386398,30.558024431710233,VY,100,39.06801372000599
V_22,0.02981975706701463,0.01675359567629712,0.20749715104578528,0.010656923079457049,0.031922833911656026,2.3557608082941557,VY,100,2.8041519373710435
V_23,0.0976525745708446,0.05870988930269581,1.1284861958812098,0.009268753165543445,0.12255982732519943,15.819717080476826,VY,100,17.349649012477162
V_24,0.08607900820343692,0.07188654668547476,0.23883103653127585,0.009399625694621046,0.06903570649859467,2.151975205085923,VY,100,2.2557720947194455
V_25,0.36543557692442447,0.256551071226971,1.8267117341207828,0.009394730350898254,0.35218006850530176,63.951225961774284,VY,100,78.0438040738136
V_26,0.32880301632478875,0.09715008038936974,2.378701621117728,0.008684006320607672,0.4775816651718548,42.744392122222536,VY,100,56.57531770329277
V_27,0.20757223686300272,0.09195045978521388,1.9363543898414237,0.011478880255787076,0.3272696793925079,26.361674081601347,VY,100,27.28512447015909
V_28,0.8305320077053802,0.7300456519192146,4.721871370028479,0.0085613039810422,0.7082164571838958,184.37810571059438,VY,100,177.41354097805723
V_29,0.8938545087889717,0.8581096920629536,2.7517603070864114,0.017571993274458242,0.5845706668023727,221.675918179665,VY,100,274.0346076388361
V_3,0.1385112625002674,0.04438432573351787,1.272017790312716,0.010552240516159503,0.2488032955821321,16.898374025032624,VY,100,17.229542469507063
V_30,0.17424010912692756,0.0775315858744908,1.3684893634877018,0.009685330538115095,0.2574547676532193,19.514892222215888,VY,100,20.83385081461546
V_31,0.25973788495538475,0.10218595771979225,2.879122092281067,0.0057406928992245615,0.459839256718523,60.51892719460464,VY,100,75.86605788963789
V_32,0.28230862800707557,0.046428923695617935,3.6734430587158036,0.0055443546856848,0.6063897308040244,47.99246676120284,VY,100,61.449417356824114
V_33,0.05013604703330196,0.046580446925280565,0.13375638534861783,0.010452936017013888,0.028853690807257,1.0528569876993412,VY,100,1.1763844947483815
V_34,0.5159995863700078,0.08503553112335727,3.519907993824812,0.008123705744291632,0.8297504698727202,52.63195780974079,VY,100,51.43650660359913
V_35,0.2728629478895258,0.09949990271960711,3.417621405429885,0.0100422266333932,0.479764621062008,74.21872182595102,VY,100,86.46160431639022
V_36,0.4890118732194756,0.32572344288159344,2.7406840795183065,0.006987144658315704,0.4988012596012351,111.49470709404044,VY,100,101.91139870007181
V_37,0.6735871748794918,0.5790282858039145,2.6027856479126203,0.010013344668827787,0.5770161726769346,128.65515040198292,VY,100,172.61999759400757
V_38,0.5665757471623826,0.32587424589788777,4.024412885450434,0.008900913076392935,0.7613608162689334,94.61814977611789,VY,100,132.70775845346654
V_39,0.8541574993160307,0.8370599826193252,2.412722455025304,0.02321361907231146,0.44313987376099606,240.01825730780462,VY,100,346.5869503303794
V_4,0.15150727459256214,0.11484912678134467,1.2044454861642762,0.013145803125217391,0.14975427183697138,36.816267725992596,VY,100,38.92621852573205
V_40,1.0493766245344733,0.675494805525643,6.5064886808646145,0.01031194292333716,1.141352633108311,152.1596105574986,VY,100,188.82608392050608
V_41,0.16155917325626443,0.103248764793277,1.4869352515762733,0.010227027193355987,0.20582319757134254,25.687908547746044,VY,100,25.34028358357772
V_42,1.0782386517764098,0.7023094440602472,4.739803948035935,0.009566033841784768,1.1255094358074555,198.3959119268594,VY,100,175.61827025138294
V_43,1.0779620089924966,0.6049773705127344,9.020199361848897,0.01044540380529901,1.24040064281723,259.7888441671917,VY,100,241.43548175623005
V_5,0.24741417118646605,0.09723426194716059,5.128742085725008,0.009405061593680191,0.40940507834552775,107.8725786372992,VY,100,83.9715101752686
V_6,0.03440600361616711,0.016607469532041792,0.38127470887941817,0.009462993349011198,0.061381892339879424,3.0277283182227053,VY,100,3.1956285998509775
V_7,0.0486233013175353,0.013180926891799397,0.2936923410582545,0.008751082283718094,0.09908384476379159,0.3889864105402824,VY,100,0.4249166890091518
V_8,0.10084890625419975,0.04574458333772618,1.2129533472707528,0.004747407307290718,0.16775742529644594,13.816300156825365,VY,100,13.016469641890083
V_9,0.4723315527996987,0.16683406711811138,2.623904082474429,0.008890543011713,0.5287700945046929,85.01967950394577,VY,100,140.26648056924924
V_1,0.08736050838769059,0.04113341307844432,2.1879117069740435,0.009083531078570772,0.1507917439063332,90.76756821481052,VY,500,14.162402224770437
V_10,0.24662290329939768,0.10588882294982858,3.545254473003249,0.009209397541399513,0.3574216035553325,614.8308979253984,VY,500,48.70007576244099
V_11,0.2757194020732732,0.07871476175454736,4.275291694765632,0.0054769065941017575,0.4855833492066692,348.7850436226906,VY,500,47.619399339150995
V_12,0.16493286182672828,0.08876822642708285,1.4958437585655942,0.009096459437884572,0.2103333106425576,128.9774979485015,VY,500,22.137890711483386
V_13,0.05335456381400532,0.035279886973767306,1.6183706344852913,0.007650569033476568,0.07134228971032547,102.92095359721627,VY,500,12.911641033073762
V_14,0.3800794355602822,0.23441385370529202,3.5913536612876586,0.009723205146981433,0.4265748516605803,1573.5288632195682,VY,500,121.3146472619147
V_15,0.05036860496769933,0.030380078732186466,2.1760664330018202,0.006810180078372352,0.10350289007333861,87.59100403882914,VY,500,10.678557882328645
V_16,0.142260765010491,0.03890607538259152,3.411609466172389,0.00878784863303708,0.2649707176073885,326.20393416905586,VY,500,24.153222994594394
V_17,0.15714463331761563,0.07001317759267917,7.780872555515226,0.005342100540374843,0.3027990833802541,315.07498980181936,VY,500,32.33376006310246
V_18,0.22955166734690616,0.12658108911503768,1.9362690459238028,0.009303262963014949,0.27142675761280655,468.05584972034166,VY,500,61.73533046480171
V_19,0.19517910460295432,0.0363978411134696,4.986963596409497,0.009858251954025036,0.4066164813500776,149.89755233506892,VY,500,26.829398815508167
V_2,0.06663633600537835,0.03642340109479229,1.2273592763256582,0.008278338203437256,0.09468920388235845,104.88559287246554,VY,500,13.205886451268682
V_20,0.1016155960519309,0.01886927297903575,3.411609466172389,0.008476353394480104,0.2678189484285444,120.21125012943426,VY,500,8.468505812114213
V_21,0.23453864888800535,0.06077116049543697,3.598197530683144,0.005426727136393432,0.3705515532572817,284.4953811011505,VY,500,42.29799701189379
V_22,0.1090286706358317,0.0328335625971518,2.466517348060607,0.00927142505863173,0.20944459550336927,130.18023273918305,VY,500,17.16708005847711
V_23,0.08212177597903557,0.051724149664611904,1.1284861958812098,0.004077351775513386,0.09536641002298314,61.75557553623475,VY,500,6.681930298383248
V_24,0.11856772995265487,0.041784738719048344,0.8405468760185227,0.0093652959471179,0.15891418852256764,18.140862682756193,VY,500,2.5641617253458677
V_25,0.40495319139930364,0.28677934599748806,3.2546062648946337,0.008677435548213586,0.38497086949175224,541.4224169008689,VY,500,108.08841421784287
V_26,0.24400920471806042,0.04478100785041821,6.587429661452541,0.005444637863376206,0.46329188878794636,235.95690096236444,VY,500,38.92565482678976
V_27,0.13353741939958158,0.061650082339772753,3.597019557258676,0.008737342464261196,0.239957348203586,172.3968084448598,VY,500,18.367840415355783
V_28,0.6045509333538606,0.4931431528595269,6.869799306867505,0.006759090803885824,0.5437351353708157,1276.8115712433535,VY,500,119.04147301565587
V_29,0.7946800760321714,0.7552235609847853,3.8066519446566827,0.010498378179173552,0.5335766207495384,1247.647719370509,VY,500,238.27628272302593
V_3,0.11149508434004847,0.04826217340330218,3.0226824484103125,0.005957960311786001,0.16909676656459247,270.15258935593744,VY,500,19.892812901497955
V_30,0.20739053006911304,0.074820110998874,4.299791805587792,0.007276371185024229,0.35153451286298565,360.0299601999802,VY,500,24.725415340669045
V_31,0.3354927862598992,0.08789168735163842,8.13608776493039,0.0038842285495956984,0.6860978617968797,438.8245644279482,VY,500,78.93853719450667
V_32,0.26239608439831114,0.0610293940384317,4.822314916799126,0.004676123297701296,0.4751442074074264,395.16850310385655,VY,500,50.6313813154462
V_33,0.3819664968869139,0.1445577145511273,7.264909995442077,0.009277552588891916,0.55359851107207525,626.8070213914258,VY,500,58.606973022537865
V_34,0.47977829595279664,0.20973661972604482,5.1534851842267715,0.008123705744291632,0.645851875200288,481.21763084065503,VY,500,73.75548274022964
V_35,0.2803117750485989,0.09142767347977065,4.266694311592136,0.008530322962631981,0.4522962762150325,611.3599813809942,VY,500,51.982410008296284
V_36,0.569144958687354,0.3182995842250178,3.5343430495270582,0.006987144658315704,0.5939483255265586,1373.3467853125853,VY,500,156.20910942128597
V_37,0.6339323805885375,0.5555538230035848,3.169289090662318,0.00897014298458544,0.562902390153591,833.6210804739268,VY,500,168.99592360271342
V_38,0.5169608654557318,0.2306806662237345,4.192714144772438,0.004415661688847,0.6771495370166997,1285.1647115229493,VY,500,150.57734684555496
V_39,0.7712447252865088,0.6838679163029839,5.728742185128914,0.008980557888064102,0.5240078228125854,1446.8551046374905,VY,500,312.88989310567314
V_4,0.1271480994110358,0.066941411842213,1.82153292194792,0.009577853833624065,0.17940288446755492,133.5055043815876,VY,500,20.13046337749763
V_40,0.8459656011848695,0.5967231277103134,6.5064886808646145,0.008755524972947756,0.8954715168258219,1294.3273698128505,VY,500,186.5676924037352
V_41,0.43095842929503747,0.2504015197405153,4.507257230592703,0.00909051857062781,0.5008279424822771,1288.134745162867,VY,500,77.14443481555793
V_42,0.882200246534822,0.4430555921024848,16.200272179346772,0.006673777704099562,1.2966637402496854,846.9122366734291,VY,500,133.67116373537434
V_43,0.9892142842890171,0.549839728472947,13.920996800709146,0.005043655757751857,1.1773633657810614,1971.5040685880113,VY,500,205.6144619266445
V_5,0.15608473792242739,0.06352785156546904,5.128742085725008,0.007810236243806721,0.2602012957697725,776.3654864261538,VY,500,52.442049357277774
V_6,0.12157400245221688,0.04598646660897519,1.602496239759448,0.007998983825256678,0.19290674095157587,97.38077596422572,VY,500,11.196605922165919
V_7,0.07460786206439599,0.038041651354256745,1.5213838266484487,0.007564564088556112,0.13774319913734928,104.22718330396118,VY,500,7.6836106986336565
V_8,0.10909544278351518,0.057977428691130505,1.7412378037086456,0.004656554305861923,0.1514293921239328,174.11632668249024,VY,500,17.99603258737951
V_9,0.127441883684837,0.045300036106567326,2.623904082474429,0.007674260753393246,0.23910430218568396,343.9656440653751,VY,500,33.33492826373836
V_1,0.05930573554817365,0.0348618608062784,2.1879117069740435,0.0069409348850705275,0.08837433699440991,547.1547161674501,VY,Catch,10.807076563636977
V_10,0.14156252335432823,0.07413239628106491,5.591298472164321,0.005974439670562639,0.2015753210997877,17048.233125038394,VY,Catch,41.29680143859758
V_11,0.0792982954884501,0.042181494832634434,4.889675382104422,0.00412363026197049,0.13512730274396612,17418.66358699295,VY,Catch,14.19671037787163
V_12,0.2444498093490073,0.07205783993449741,3.78987459029376,0.00503686224059224,0.39891589593042964,2566.4785483552278,VY,Catch,31.859618870673973
V_13,0.07301180223551262,0.04484007690500561,4.456347956279542,0.004313225053067681,0.10689667820696716,3221.207702828581,VY,Catch,16.650006187950403
V_14,0.48242622185271195,0.38951759161506666,7.955540041962036,0.006987830673175498,0.4268407948405368,23951.01463632159,VY,Catch,146.07880469222673
V_15,0.08726013054356288,0.04153853172047049,5.128742085725008,0.004708177352993879,0.1644802785251973,10068.42290263846,VY,Catch,17.725346122155916
V_16,0.23127141282923758,0.08240065885597533,7.528062063888429,0.00503686224059224,0.3465913844707049,10599.631392789617,VY,Catch,38.48813124729996
V_17,0.20548605760860805,0.1318962796889546,7.780872555515226,0.004272065830993846,0.2481705924264425,8715.485647411502,VY,Catch,41.44669582741795
V_18,0.18965212271437243,0.10229510087027063,4.879466376031681,0.007902509021074597,0.25905723431232525,6486.67155319968,VY,Catch,53.12058350495701
V_19,0.13924464033884423,0.03531075910806596,5.27025906401545,0.008488716051108914,0.2837212208103075,1844.5737505686695,VY,Catch,23.07362973082974
V_2,0.05506508705634937,0.03789522063119606,1.9385704150052385,0.007628995782895514,0.06611380519095802,2137.351354092201,VY,Catch,10.27065514301508
V_20,0.20600823760808235,0.06397700120210395,7.528062063888429,0.00503686224059224,0.3340142553230634,14198.087735949037,VY,Catch,34.01205883707589
V_21,0.16308789948816194,0.07393439360109645,4.226250320863647,0.005426727136393432,0.26351269304076896,3160.317316281602,VY,Catch,29.715654653708235
V_22,0.2819585359838674,0.0724247129716575,3.453092873319882,0.008901092285095379,0.3860411440373519,1326.8968703400799,VY,Catch,44.462266940496384
V_23,0.14735980415654745,0.06142869032545982,8.402099157396744,0.004077351775513386,0.25590429779797935,5188.391344547879,VY,Catch,23.516581360764068
V_24,0.45745243633725735,0.3616604503794212,5.654222707762763,0.005473138480081728,0.4021364962835589,45193.555995503004,VY,Catch,134.98853185769275
V_25,0.33526094494207637,0.1596646088864788,6.471231634508267,0.00590708803442022,0.43133114555645197,11938.97751033228,VY,Catch,54.02337323904265
V_26,0.20196437725604313,0.13392428507226267,6.587429661452541,0.005444637863376206,0.2538592150676332,4332.135892142125,VY,Catch,58.95466403307439
V_27,0.1718022802433668,0.08903664061089858,6.355750032023572,0.007471110980565459,0.25858545574158925,3006.3681019786754,VY,Catch,28.582451487215067
V_28,0.5051156530800177,0.40382837042972636,7.955540041962036,0.005409965682318575,0.44428145680776165,103017.83233001652,VY,Catch,144.96650160064192
V_29,0.2078857468246995,0.09126257804469456,5.600846285320775,0.0051692583266038684,0.296504730494608,31563.0850546473,VY,Catch,58.36113178278961
V_3,0.0751744342061639,0.03874834172834919,3.0226824484103125,0.004519709064602416,0.11685956713788034,2176.826091307888,VY,Catch,10.984716049014677
V_30,0.15431608147435394,0.07037025528850062,8.402099157396744,0.004077351775513386,0.25177254291919493,14028.412018589095,VY,Catch,25.86150999668408
V_31,0.17597728102053578,0.10248299675469895,8.13608776493039,0.0038842285495956984,0.249649975082647,13467.189361939563,VY,Catch,32.531854853987184
V_32,0.14988477117230103,0.06641017591092913,7.015063594253663,0.004676123297701296,0.24664690896658725,11343.879021404431,VY,Catch,29.17948465088964
V_33,0.5914030589523843,0.48297147555143793,9.214723396252033,0.00842644475780663,0.5335329208481565,11930.965311305401,VY,Catch,125.69803235558243
V_34,0.16064763633358053,0.05417342424519209,9.85982919150518,0.004313225053067681,0.303833411562238,66835.20002967751,VY,Catch,30.46022152656105
V_35,0.2930155746903978,0.13829387907092835,19.57057576102387,0.006315739080631589,0.4074036481800338,12887.411006033077,VY,Catch,49.84065128649364
V_36,0.5032420447829627,0.3120595164591284,3.9198499289966575,0.006987144658315704,0.5129638282308748,6528.559046969375,VY,Catch,145.32275675051466
V_37,0.2820490586110642,0.1383476241500181,5.354325510880776,0.0049897858188783385,0.3603120241492202,32410.25732499739,VY,Catch,79.35446590339522
V_38,0.4840619246726599,0.2904127118454763,7.160094199191502,0.00442104979041578,0.5818997976606695,16742.73385057796,VY,Catch,78.60556775179832
V_39,0.5562132077525119,0.495267316916948,5.9885457598156,0.008383515863694175,0.4389630699507445,25017.913871500234,VY,Catch,184.0827772209843
V_4,0.07366353951844358,0.03991929993501962,2.4404590714515484,0.0090556317504701285,0.10271796517672803,1290.7325394421682,VY,Catch,13.30334965495208
V_40,0.25627119270068083,0.0918155580326574,11.712381940907106,0.00412363026197049,0.39496996248215166,191648.82366450637,VY,Catch,59.117268824254914
V_41,0.20705371652846977,0.07771383755835143,19.57057576102387,0.0038842285495956984,0.3432196125727323,166881.77560876563,VY,Catch,39.86557979802315
V_42,0.24831783942234664,0.08936488430910175,19.57057576102387,0.0038842285495956984,0.4008457928646871,227467.33539957047,VY,Catch,48.208032464618405
V_43,0.30504500113362093,0.11700286542907636,19.57057576102387,0.0038842285495956984,0.44969903491075913,605031.1359684418,VY,Catch,65.84715414941155
V_5,0.12116605391968115,0.05033323632066093,5.128742085725008,0.007810236243806721,0.2030788618761743,2249.5689570728,VY,Catch,31.81491984856989
V_6,0.07213388695486189,0.038626665812871545,3.5657976199653616,0.00412363026197049,0.1208449616613779,1260.1790051014373,VY,Catch,10.803215125537202
V_7,0.05195850086562773,0.0348867111051308,2.10545637541951,0.005374493262000847,0.07425530392834387,2992.6537743575605,VY,Catch,8.31599351782244
V_8,0.11773214937984323,0.07408656886290665,2.4126402501112683,0.004656554305861923,0.1492274777655819,2417.9828839632205,VY,Catch,19.447556256386516
V_9,0.239854563137133,0.13869408354605706,4.801980042360694,0.00742531887948563,0.2795163671943066,5982.452513766371,VY,Catch,66.9111327997755
V_1,0.08010339008577778,0.04109826973047196,2.1879117069740435,0.009083531078570772,0.13550085532541406,126.64345972561469,VY,Stream,13.450353364839502
V_10,0.1613499117035831,0.07544689033990287,3.8256694914083633,0.007783776701638553,0.24586436451309582,3026.924343559219,VY,Stream,38.6832671536553
V_11,0.09592877260501269,0.04099238078578752,4.275291694765632,0.00422799727523713,0.18370812113382312,3140.61208631551,VY,Stream,13.634148350513884
V_12,0.20247338769527004,0.06926668053436229,3.372034287373411,0.009079737133167927,0.3363071692465701,503.5513151981366,VY,Stream,24.615707871185442
V_13,0.08894327302633516,0.04378447974437093,4.456347956279542,0.004313225053067681,0.15107261867362326,687.7983303126498,VY,Stream,18.254764114162636
V_14,0.4696176871194133,0.3197529059013201,4.3239953610143775,0.008347220124141169,0.46464951753937433,4008.6565772513122,VY,Stream,158.2327058645598
V_15,0.10606873158701717,0.04285490401046979,5.128742085725008,0.004708177352993879,0.21016633395102807,2578.7430023435613,VY,Stream,21.838619139566443
V_16,0.17988850121926284,0.06337715274849771,4.3158326214783385,0.008591875444993485,0.30766808770665866,2442.70595805637,VY,Stream,28.95116851511452
V_17,0.20158773971447402,0.1001952981135798,7.780872555515226,0.004272065830993846,0.2930548626777879,2307.171681032155,VY,Stream,38.382887228336266
V_18,0.15392933187292676,0.07429475615822671,2.1372736251309727,0.007935935606452135,0.2112187539208176,1241.7479202189002,VY,Stream,43.34293058565976
V_19,0.1570984709655812,0.03434902562359939,4.986963596409497,0.009429978811760355,0.35381673034374744,190.71754375221556,VY,Stream,21.394725994230235
V_2,0.07184180318704228,0.03788713910232774,1.9385704150052385,0.008278338203437256,0.11139852507792727,434.2118584624835,VY,Stream,14.22114978891232
V_20,0.16616297840832442,0.05645816635411574,4.986963596409497,0.008476353394480104,0.2982887294940172,2843.8793754584726,VY,Stream,25.082494950180667
V_21,0.21024063988192446,0.07446631803318822,3.598197530683144,0.005426727136393432,0.3369427124419927,902.9835482928655,VY,Stream,34.88198671331989
V_22,0.10094930553255838,0.04315856621097773,2.466517348060607,0.00927142505863173,0.17996868303204985,183.72773606925625,VY,Stream,14.799288461125194
V_23,0.08272438394356944,0.048067986458605674,1.29165076725612,0.004077351775513386,0.10173070396679532,301.6131038582542,VY,Stream,10.137166892628384
V_24,0.47463862939247103,0.36435009927187845,5.654222707762763,0.009049262461950933,0.4273168726481649,11396.548130342622,VY,Stream,160.76930226699443
V_25,0.33071700049679026,0.19697019149233658,3.4010970474477844,0.008677435548213586,0.36921750084297383,1223.6529018381239,VY,Stream,81.42045635764696
V_26,0.21371004549284728,0.08841862377222985,6.587429661452541,0.005444637863376206,0.3615311067373534,716.9972026285026,VY,Stream,40.768813863990175
V_27,0.13234468475496708,0.07238143508828421,3.597019557258676,0.008166758337090064,0.2091312809840167,696.9271099196567,VY,Stream,22.160382261844507
V_28,0.5438963567219863,0.42087857559607095,6.869799306867505,0.006759090803885824,0.4825726090883574,25978.121686112234,VY,Stream,174.58318907187385
V_29,0.27421335750852216,0.10779586881725395,4.7623351120019,0.007152647625454612,0.3913150493341465,7514.542849163541,VY,Stream,66.29256334291844
V_3,0.1167802053531356,0.048662823545630916,3.0226824484103125,0.005957960311786001,0.17804989143486322,673.4714442715331,VY,Stream,17.419463634813454
V_30,0.14943184947660093,0.062519754212049,4.299791805587792,0.004077351775513386,0.2565059788213982,2731.4647765827885,VY,Stream,21.88734417461674
V_31,0.18008702053832168,0.0811695238087321,8.13608776493039,0.0038842285495956984,0.3150352470822326,3623.1707662104936,VY,Stream,32.12028524702486
V_32,0.16303580312831306,0.06132696471503643,7.015063594253663,0.004676123297701296,0.3069013871171691,1582.7515767696632,VY,Stream,23.832483848135144
V_33,0.5851469505556701,0.40164011507483166,7.264909995442077,0.009277552588891916,0.6106967376266298,2621.458338489402,VY,Stream,104.81188978915574
V_34,0.16931265324878556,0.053146661518984215,9.85982919150518,0.004147953099508099,0.3445328442594502,13837.923150023244,VY,Stream,29.316856403154006
V_35,0.25442768656918996,0.11456875100009892,6.048188257190041,0.008157256107012671,0.37505980111373904,3360.226456519292,VY,Stream,46.17870132164384
V_36,0.5196590144276148,0.2658811546129603,3.5343430495270582,0.006987144658315704,0.5608079478751526,2368.08612874664,VY,Stream,143.8254051958748
V_37,0.2653405405650764,0.10798133225329795,5.081993085959647,0.00742531887948563,0.3723228023081446,10510.138811782677,VY,Stream,75.94895117100879
V_38,0.39349799931505985,0.13197918462323738,4.812438844331305,0.004415661688838147,0.5656226032594778,3133.0310705465067,VY,Stream,96.16363375973546
V_39,0.5619602365159052,0.49316700232799726,5.9885457598156,0.008980557888064102,0.4557695159761012,9424.07316637173,VY,Stream,214.21097226550907
V_4,0.08516140958329134,0.041567362694726905,1.82153292194792,0.008879519856778277,0.13301630365574715,238.0261397852993,VY,Stream,13.67141714843052
V_40,0.31390504087243026,0.11479249643204997,10.227974645745716,0.00422799727523713,0.4617003247548089,48347.02658508997,VY,Stream,71.73156297143805
V_41,0.21898598402010197,0.0738460185771702,9.85982919150518,0.0038842285495956984,0.3881043435138358,37829.828739472614,VY,Stream,38.32975656954225
V_42,0.23874858730701173,0.07702964550245169,16.200272179346772,0.0038842285495956984,0.4241174241452657,45078.5982666115,VY,Stream,41.92816774784662
V_43,0.3277791752129099,0.1172774410705143,16.200272179346772,0.0038842285495956984,0.49757261836686845,133244.52917827436,VY,Stream,67.44253682618731
V_5,0.13126202237076962,0.05568116664121445,5.128742085725008,0.007810236243806721,0.22809140625612265,929.2038563626782,VY,Stream,38.673612369718484
V_6,0.09007355133601917,0.037129261157425604,1.602496239759448,0.008596503992250563,0.1545552435025233,225.8143931994001,VY,Stream,10.514784252962592
V_7,0.06068948360125191,0.03603187256476376,2.10545637541951,0.007564564088556112,0.09997504402307737,626.4975392157236,VY,Stream,9.015554763002811
V_8,0.10681948934890345,0.06277990871864937,1.7412378037086456,0.004656554305861923,0.137620298830772,563.2591673367679,VY,Stream,16.649065627742033
V_9,0.18744255123889744,0.06793326122725116,2.623904082474429,0.00742531887948563,0.26163418954379697,1585.9514260323115,VY,Stream,52.37361748996208
