Mean_cover,Median_cover,Max_cover,Min_cover,Sd_cover,Mean_shrub,Median_shrub,Max_shrub,Min_shrub,Sd_shrub,Mean_under,Median_under,Max_under,Min_under,Sd_under,River,Class,LocCode
0.5018750031345657,0.47200000286102295,0.953000009059906,0.0729999989271164,0.2264553814417656,0.45976785716733765,0.4580000042915344,0.8960000276565552,0.11500000208616257,0.20756878600798745,0.6349821420652526,0.6774999797344208,0.9340000152587891,0.27799999713897705,0.1693741944097669,GO,100,GO_1
0.16342105358642967,0.079500000923872,0.9750000238418579,0.017000000923871994,0.20381836979672513,0.8404473725118136,0.8655000030994415,1,0.5879999995231628,0.12816052111895254,0.9221052652911136,0.9590000212192535,1,0.7049999833106995,0.08720209453812705,GO,100,GO_10
0.33712765931131994,0.3499999940395355,0.6489999890327454,0.03400000184774399,0.16984694030849362,0.4305744672075231,0.4269999861717224,0.7639999985694885,0.2240000069141388,0.11218593346514011,0.6184042540002377,0.6029999852180481,0.8880000114440918,0.4490000009536743,0.10013679056432627,GO,100,GO_11
0.3256315782404782,0.31200000643730164,0.6549999713897705,0.08399999886751175,0.14934220248696797,0.36247368392191437,0.3199999928474426,0.7139999866485596,0.1459999978542328,0.12506242687193922,0.6714385946591696,0.6710000038146973,0.9049999713897705,0.4269999861717224,0.1062697029954073,GO,100,GO_12
0.23564556995524635,0.1979999989271164,0.6100000143051147,0.02800000086426735,0.16335222485075468,0.5079240510358086,0.4699999988079071,0.9660000205039978,0.10300000011920929,0.21796211171278226,0.6746202492261235,0.6359999775886536,1,0.22200000286102295,0.1962673018662131,GO,100,GO_13
0.5320285743368524,0.534500002861023,0.9789999723434448,0.057999998331069946,0.2844207440292105,0.6210428574255534,0.6289999783039093,0.8420000076293945,0.34599998593330383,0.0952357038537317,0.7406285741499492,0.7440000176429749,0.9649999737739563,0.4790000021457672,0.13005229157322074,GO,100,GO_14
0.09704255318625811,0.08799999952316284,0.4620000123977661,0.014999999664723873,0.07993066643086667,0.7962553171401329,0.8240000009536743,0.984000027179718,0.46000000834465027,0.13921245383317848,0.9058510610397826,0.953000009059906,1,0.5590000152587891,0.11013094005612772,GO,100,GO_15
0.12307317059759687,0.07999999821186066,0.45899999141693115,0.02500000037252903,0.10108669199155246,0.3601951215688775,0.31299999356269836,0.8949999809265137,0.08900000154972076,0.22608861252383766,0.6437317111143251,0.6330000162124634,0.9409999847412109,0.23800000548362732,0.14615437379355523,GO,100,GO_16
0.11591228022517865,0.09000000357627869,0.5609999895095825,0.023000000044703484,0.09719646345503355,0.5906491216860319,0.6169999837875366,0.8870000243186951,0.1889999955892563,0.19464184257048212,0.8508947387076261,0.8579999804496765,0.9789999723434448,0.6269999742507935,0.08579037763844836,GO,100,GO_17
0.18325806439163222,0.12150000035762787,0.9039999842643738,0.04699999839067459,0.16752322352195617,0.6631451619248236,0.6769999861717224,1,0.2980000078678131,0.20798493461958384,0.8032903248263944,0.8355000019073486,1,0.43299999833106995,0.16103144603614403,GO,100,GO_18
0.20101041606782624,0.15299999713897705,0.6230000257492065,0.04699999839067459,0.13560006932244048,0.48318749759346247,0.4934999942779541,0.8240000009536743,0.09600000083446503,0.1641754700449713,0.7102812497566143,0.7304999828338623,0.9729999899864197,0.31700000166893005,0.15243032246208343,GO,100,GO_19
0.15539130457825417,0.0989999994635582,0.7580000162124634,0.017999999225139618,0.13744734006861647,0.5276231858609379,0.47099998593330383,1,0.07999999821186066,0.3085811490943598,0.6554057947967363,0.6349999904632568,1,0.21299999952316284,0.24252697103542478,GO,100,GO_2
0.5629583345726132,0.5230000019073486,0.9980000257492065,0.20800000429153442,0.2272372438370851,0.5838124969353279,0.6085000038146973,0.8489999771118164,0.30399999022483826,0.13516021128356565,0.7173958302785953,0.7210000157356262,0.921999990940094,0.4180000126361847,0.12809799017235654,GO,100,GO_20
0.2996041633499165,0.27549999952316284,0.6779999732971191,0.07400000095367432,0.16871664612093829,0.4922708322604497,0.5115000009536743,0.8669999837875366,0.18199999630451202,0.18240400912182522,0.6958125022550424,0.6974999904632568,0.9729999899864197,0.3970000147819519,0.16324457973387954,GO,100,GO_21
0.5197340423597935,0.5294999778270721,0.9599999785423279,0.07000000029802322,0.21524320647052866,0.5599042557655497,0.5674999952316284,0.875,0.23800000548362732,0.13978632557093348,0.73796808878158,0.7515000104904175,0.9679999947547913,0.30399999022483826,0.13114445967112942,GO,100,GO_22
0.28961111191246247,0.2849999964237213,0.7160000205039978,0.06400000303983688,0.14681831062722708,0.515361117819945,0.5270000100135803,0.8539999723434448,0.11900000274181366,0.22563677034561305,0.6712222264872657,0.7010000050067902,0.9129999876022339,0.30399999022483826,0.17635161769235308,GO,100,GO_23
0.2572325576356677,0.2070000022649765,0.7630000114440918,0.03799999877810478,0.1750946472642063,0.493558139995087,0.4690000116825104,0.9070000052452087,0.14100000262260437,0.19645322954255698,0.7089767400608507,0.7160000205039978,0.972000002861023,0.36500000953674316,0.15756381626392285,GO,100,GO_24
0.8670800010363261,0.9359999895095825,0.9929999709129333,0.1340000033378601,0.16553057667376173,0.6414266687631607,0.6600000262260437,0.8690000176429749,0.16500000655651093,0.13811982570136916,0.6772799984614054,0.6990000009536743,0.8790000081062317,0.2619999945163727,0.12432461352557059,GO,100,GO_25
0.17774073972746177,0.14399999380111694,0.40400001406669617,0.06599999964237213,0.09339642149844822,0.7991851877283167,0.8220000267028809,0.9710000157356262,0.3330000042915344,0.13712600198707423,0.8818888840851961,0.9179999828338623,0.9879999756813049,0.5109999775886536,0.11259878836855204,GO,100,GO_26
0.3729107141760843,0.3695000112056732,0.8190000057220459,0.041999999433755875,0.20099372752418052,0.3457321422174573,0.33500000834465027,0.6930000185966492,0.06199999898672104,0.168704121000865,0.6055267839027303,0.62049999833107,0.9049999713897705,0.18299999833106995,0.1671049155180631,GO,100,GO_27
0.3262033908927845,0.1979999989271164,0.9490000009536743,0.05999999865889549,0.2700410424644155,0.6467118652190192,0.6119999885559082,0.9629999995231628,0.289000004529953,0.19472935080252488,0.7891864433126935,0.7950000166893005,0.9950000047683716,0.3440000116825104,0.16704856564608433,GO,100,GO_28
0.4746190471545098,0.5059999823570251,0.9629999995231628,0.07500000298023224,0.23522284662315018,0.5003174588320747,0.47999998927116394,0.9620000123977661,0.20000000298023224,0.20336165575447648,0.5906666649712456,0.5789999961853027,0.9710000157356262,0.29499998688697815,0.179298813963631,GO,100,GO_29
0.05605102081460004,0.05350000038743019,0.1469999998807907,0.017000000923871994,0.02207175405057644,0.92759183748644225,0.9625000059604645,1,0.33399999141693115,0.10969036565439613,0.9776530606406075,0.9914999902248383,1,0.7680000066757202,0.03982852427101242,GO,100,GO_3
0.13378787926877989,0.10950000211596489,0.5730000138282776,0.028999999165534973,0.09407975707288689,0.37565151342388353,0.33500000834465027,0.8289999961853027,0.07199999690055847,0.1972657306060777,0.657015147985834,0.6550000011920929,0.9319999814033508,0.27799999713897705,0.16343876544440183,GO,100,GO_30
0.3838750015711412,0.3160000145435333,0.9369999766349792,0.10300000011920929,0.2353654714144254,0.6865624993806705,0.7619999945163727,0.9679999947547913,0.08399999886751175,0.23732824376943254,0.8001874987967312,0.8734999895095825,0.9860000014305115,0.33399999141693115,0.17381032021091591,GO,100,GO_31
0.15922058916048093,0.13699999451637268,0.5120000243186951,0.04500000178813934,0.0952523526463185,0.6886764696854002,0.7019999921321869,0.9539999961853027,0.22300000488758087,0.1707920465938999,0.8761029396863544,0.8980000019073486,0.9769999980926514,0.49399998784065247,0.08270919123881781,GO,100,GO_32
0.6003695663226687,0.6379999816417694,0.9850000143051147,0.07599999755620956,0.2929977964150774,0.6672826069204704,0.6774999797344208,0.9380000233650208,0.15700000524520874,0.1599020518871851,0.7413043476965117,0.737500011920929,0.9900000095367432,0.2590000033378601,0.1434577530649115,GO,100,GO_33
0.37836363674564794,0.306999996304512,0.9940000176429749,0.07800000160932541,0.25138852073208046,0.39917045569216664,0.3660000115633011,0.9440000057220459,0.06800000369548798,0.2242096827046165,0.6539318202571436,0.6464999914169312,0.9490000009536743,0.23600000143051147,0.18064239037624988,GO,100,GO_34
0.8463877555058927,0.8835000097751617,0.984000027179718,0.4959999918937683,0.10596046858528611,0.6513367346963104,0.6435000002384186,0.9359999895095825,0.30000001192092896,0.13308078049125616,0.7290714288852653,0.7414999902248383,0.9570000171661377,0.42800000309944153,0.10799821049328695,GO,100,GO_35
0.18682894657218926,0.12000000104308128,0.972000002861023,0.024000000208616257,0.2009084949920994,0.6945394783427841,0.7210000157356262,0.9819999933242798,0.2919999957084656,0.1773561718677625,0.8434210572587816,0.87049999833107,0.9929999709129333,0.40700000524520874,0.12471570656809418,GO,100,GO_36
0.3325714284243683,0.23650000244379044,1,0.024000000208616257,0.27860034449541266,0.6381190466206699,0.6855000257492065,1,0.07699999958276749,0.2435674833225338,0.8183809547197252,0.882500022649765,1,0.4449999928474426,0.16977894126962484,GO,100,GO_37
0.5156516860961244,0.47999998927116394,1,0.02800000086426735,0.3530740693272184,0.8012471922327963,0.8209999799728394,1,0.2939999997615814,0.15846000504013413,0.9055056190222837,0.9399999976158142,1,0.5210000276565552,0.09760881257431853,GO,100,GO_38
0.22680459749595872,0.16699999570846558,0.8690000176429749,0.04600000008940697,0.1742482745123843,0.7972068964749918,0.8059999942779541,0.9380000233650208,0.5080000162124634,0.08433351787444042,0.8987816106313946,0.9100000262260437,0.9779999852180481,0.6919999718666077,0.05889099506832052,GO,100,GO_39
0.5923723362861796,0.625,0.9890000224113464,0.15600000321865082,0.2261317504523697,0.7100000032719146,0.7135000228881836,0.9480000138282776,0.39800000190734863,0.11237724631129098,0.7909042540382831,0.8090000152587891,0.9739999771118164,0.4830000102519989,0.10534388729794401,GO,100,GO_4
0.4857666669103006,0.45000000298023224,1,0.04399999976158142,0.3171308548707879,0.7108166659871737,0.7255000174045563,0.9919999837875366,0.2669999897480011,0.15310961432178682,0.8179500006139279,0.823500007390976,1,0.4970000088214874,0.11628925480404138,GO,100,GO_40
0.2443380285526665,0.1550000011920929,0.8569999933242798,0.05700000002980232,0.19308228770318436,0.6648591538550148,0.6470000147819519,0.9330000281333923,0.26100000739097595,0.16820355434489753,0.8601267572859643,0.8880000114440918,0.9819999933242798,0.41100001335144043,0.12370563282588395,GO,100,GO_41
0.19044943957516317,0.15000000596046448,0.859000027179718,0.02800000086426735,0.12585083491815946,0.6728876390483942,0.6869999766349792,0.9419999718666077,0.2770000100135803,0.16091269883988046,0.8422921366905898,0.8769999742507935,0.9810000061988831,0.5040000081062317,0.10446674255547149,GO,100,GO_42
0.6816888877087169,0.8299999833106995,1,0.06499999761581421,0.34236044451191516,0.8435555537541707,0.8989999890327454,0.9860000014305115,0.40799999237060547,0.14392399560191715,0.8734444472524855,0.9240000247955322,0.9940000176429749,0.5600000023841858,0.116492600525868,GO,100,GO_43
0.3503846164183834,0.2370000034570694,1,0.017000000923871994,0.3104615216377114,0.744855770124839,0.7615000009536743,1,0.3400000035762787,0.17071149792803283,0.8827019224946315,0.9229999780654907,1,0.6039999723434448,0.10972754285361876,GO,100,GO_44
0.45452941406299086,0.42650000751018524,0.9700000286102295,0.09300000220537186,0.24232550744930628,0.5997352915651658,0.5900000035762787,0.9419999718666077,0.257999986410141,0.1856540146593025,0.7721176401657217,0.7855000197887421,0.9879999756813049,0.41999998688697815,0.1498244965410708,GO,100,GO_45
0.22190721521211654,0.15199999511241913,0.9819999933242798,0.04699999839067459,0.18829476229728395,0.7010000019343858,0.7020000219345093,0.9850000143051147,0.4650000035762787,0.13048866284925723,0.8826907191079917,0.8880000114440918,0.996999979019165,0.7089999914169312,0.06394290396892977,GO,100,GO_46
0.4875299982726574,0.38199999928474426,0.9950000047683716,0.1080000028014183,0.2700919192853891,0.5607499982416629,0.5534999966621399,0.8999999761581421,0.23800000548362732,0.15253225116294425,0.7151899981498718,0.7310000061988831,0.9589999914169312,0.45100000500679016,0.12075559083876794,GO,100,GO_47
0.5618224308312496,0.5550000071525574,0.9980000257492065,0.125,0.26156927824516585,0.646280373507571,0.6949999928474426,0.9660000205039978,0.14399999380111694,0.2163871345930163,0.7612616801373312,0.8289999961853027,0.9779999852180481,0.30799999833106995,0.1778334671049913,GO,100,GO_48
0.3305441166055115,0.32199999690055847,0.8659999966621399,0.020999999716877937,0.23794163408204547,0.5785588216693962,0.5724999904632568,0.9909999966621399,0.21400000154972076,0.2089641380120744,0.7006911731818143,0.6935000121593475,0.996999979019165,0.3610000014305115,0.1813970042274982,GO,100,GO_5
0.22375000035390258,0.2199999988079071,0.4320000112056732,0.0989999994635582,0.10140973053301587,0.152687500230968,0.16449999809265137,0.26100000739097595,0.07800000160932541,0.05843825079990647,0.48068750090897083,0.5040000081062317,0.5519999861717224,0.3190000057220459,0.0645070730123939,GO,100,GO_6
0.23878571470933302,0.23499999940395355,0.6570000052452087,0.026000000536441803,0.16255081569314941,0.26621428451367785,0.215999998152256,0.746999979019165,0.12600000202655792,0.15215741122158694,0.5069642865232059,0.4350000023841858,0.8799999952316284,0.2630000114440918,0.19103082503484753,GO,100,GO_7
0.3016470588524552,0.22349999845027924,0.8289999961853027,0.03799999877810478,0.25568871935345255,0.5229705905213076,0.5205000042915344,0.8939999938011169,0.23600000143051147,0.17498320075454984,0.6749411733711467,0.6794999837875366,0.953000009059906,0.3109999895095825,0.1817925775982787,GO,100,GO_8
0.3029285708741684,0.22549999505281448,1,0.020999999716877937,0.2547165420179327,0.39994642890191506,0.36000001430511475,1,0.09600000083446503,0.20849779542593064,0.6403839300785746,0.6130000054836273,1,0.17800000309944153,0.1973982240812902,GO,100,GO_9
0.6303699292033591,0.671500027179718,0.9850000143051147,0.029999999329447746,0.2120680084670239,0.5828806678886772,0.5860000252723694,0.9729999899864197,0.11500000208616257,0.17327079770768053,0.7439964195282192,0.7599999904632568,0.9940000176429749,0.27799999713897705,0.1304868597573749,GO,500,GO_1
0.09409241730091272,0.08049999922513962,0.9750000238418579,0.017000000923871994,0.07566725285251094,0.9379549752479481,0.9629999995231628,1,0.2759999930858612,0.08879010062128438,0.9769075832095756,0.9900000095367432,1,0.6629999876022339,0.04616976375070485,GO,500,GO_10
0.2683461062789737,0.14100000262260437,0.9739999771118164,0.017999999225139618,0.2496616594680808,0.668606921643645,0.6740000247955322,1,0.2070000022649765,0.20162299636972897,0.7937367120469898,0.8109999895095825,1,0.29499998688697815,0.15317083865435974,GO,500,GO_11
0.2158447791264162,0.12999999523162842,1,0.008999999612569809,0.20723988177101638,0.44299247400766817,0.38999998569488525,0.9850000143051147,0.04899999871850014,0.24399494452705897,0.6407215420160222,0.6460000276565552,1,0.1850000023841858,0.19985314081612307,GO,500,GO_12
0.225725326152064,0.14649999886751175,0.9909999966621399,0.007000000216066837,0.20490841729968545,0.5878659216704426,0.5754999816417694,1,0.07800000160932541,0.2463263218045099,0.7167355674882618,0.7314999997615814,1,0.17299999296665192,0.20173600027743757,GO,500,GO_13
0.20625159947146007,0.1289999932050705,0.9789999723434448,0.006000000052154064,0.19879944595370022,0.6821002140402921,0.7120000123977661,1,0.08500000089406967,0.20405469543813043,0.8078592759269133,0.8539999723434448,1,0.2240000069141388,0.15987137693948134,GO,500,GO_14
0.2308115733508297,0.16699999570846558,0.871999979019165,0.014999999664723873,0.18681916033434967,0.5315044516095068,0.5210000276565552,0.9950000047683716,0.04500000178813934,0.23408154583966428,0.6792344210409623,0.6790000200271606,1,0.06499999761581421,0.20045211557501616,GO,500,GO_15
0.13586868682753933,0.10050000250339508,0.6380000114440918,0.00800000037997961,0.11982623702889868,0.3901868693417672,0.3595000058412552,0.8949999809265137,0.08100000023841858,0.18116653128368257,0.724825758073065,0.7345000207424164,0.9860000014305115,0.23800000548362732,0.12897835033471497,GO,500,GO_16
0.29453098851800513,0.14900000393390656,1,0.008999999612569809,0.2888521099308942,0.5740686757068838,0.5770000219345093,1,0.05299999937415123,0.24216778285551327,0.8011356784370876,0.8410000205039978,1,0.16699999570846558,0.15525596992622318,GO,500,GO_17
0.20990035944171853,0.1379999965429306,0.968999981880188,0.008999999612569809,0.1788333010198331,0.6099524237683688,0.6269999742507935,1,0.06199999898672104,0.27620467213484,0.7752926396055538,0.8180000185966492,1,0.19699999690055847,0.19760619197745205,GO,500,GO_18
0.11272775340776087,0.07400000095367432,0.8519999980926514,0.008999999612569809,0.10758589901108831,0.8548704846052346,0.9269999861717224,1,0.09600000083446503,0.17013003077787056,0.9198977960101308,0.968999981880188,1,0.31700000166893005,0.11305707802422096,GO,500,GO_19
0.27571153911188817,0.15550000220537186,0.9670000076293945,0.017999999225139618,0.25320825118129575,0.7376346157338375,0.7980000078678131,1,0.07999999821186066,0.22713422528067284,0.817663461734087,0.8650000095367432,1,0.21299999952316284,0.18048852621000466,GO,500,GO_2
0.1955664338296527,0.12300000339746475,0.9980000257492065,0.00800000037997961,0.19325174671926215,0.5002559441786546,0.49799999594688416,0.9750000238418579,0.07400000095367432,0.20457151432421963,0.7436559438913852,0.7730000019073486,0.9879999756813049,0.24400000274181366,0.15048022630871205,GO,500,GO_20
0.2375077390466635,0.16899999976158142,0.9750000238418579,0.00800000037997961,0.19712185751162398,0.6670464377608093,0.7039999961853027,1,0.10899999737739563,0.20015562323296143,0.7896656348332532,0.8389999866485596,1,0.21899999678134918,0.17280493551925036,GO,500,GO_21
0.36260603307839995,0.2680000066757202,1,0.004999999888241291,0.2770176442473623,0.5709945157143054,0.5730000138282776,1,0.06800000369548798,0.19911980641543178,0.7621928697802685,0.773499995470047,1,0.2930000126361847,0.1424796099143219,GO,500,GO_22
0.20082993189595183,0.1289999932050705,0.9729999899864197,0.00800000037997961,0.19400203389790616,0.7160913508215265,0.7409999966621399,1,0.11400000005960464,0.20486030932268404,0.8256219612729561,0.8700000047683716,1,0.19099999964237213,0.16388592048462036,GO,500,GO_23
0.21079104449321975,0.16699999570846558,0.7630000114440918,0.024000000208616257,0.15853931213837597,0.573537312336822,0.5640000104904175,0.9580000042915344,0.14100000262260437,0.20945291828540863,0.7717462662440627,0.8140000104904175,0.972000002861023,0.36500000953674316,0.1571568751903413,GO,500,GO_24
0.3432403043564055,0.20600000023841858,0.996999979019165,0.03099999949336052,0.28569341802120424,0.6165885928494169,0.722000002861023,0.9890000224113464,0.024000000208616257,0.2923532303954044,0.7438387825008581,0.8339999914169312,0.996999979019165,0.11599999666213989,0.2312234479657058,GO,500,GO_25
0.3632190637757696,0.25599999725818634,1,0.017000000923871994,0.2724677553712647,0.5312943143963216,0.551499992609024,0.9959999918937683,0.03799999877810478,0.2396293008535552,0.7222625419098797,0.7379999756813049,0.9990000128746033,0.23999999463558197,0.1644370318756741,GO,500,GO_26
0.21401378672111177,0.1469999998807907,0.953000009059906,0.014000000432133675,0.17954963775880523,0.40202757382683235,0.38850000500679016,0.9789999723434448,0.04100000113248825,0.21878026697603867,0.6633970577694366,0.6924999952316284,0.9959999918937683,0.11500000208616257,0.2050112753671873,GO,500,GO_27
0.34796657357728084,0.21849999576807022,0.9810000061988831,0.017000000923871994,0.2891831542560123,0.6554206136126373,0.671999990940094,0.9779999852180481,0.12700000405311584,0.18767111591561247,0.7909651815808251,0.8294999897480011,1,0.20600000023841858,0.15996932301250522,GO,500,GO_28
0.4432590360113655,0.4230000078678131,0.9819999933242798,0.07500000298023224,0.219050787616029,0.4126445778522147,0.39149999618530273,0.9620000123977661,0.09200000017881393,0.18291064384381506,0.5976807221949819,0.601500004529953,0.9710000157356262,0.28700000047683716,0.15602867069867013,GO,500,GO_29
0.21504533635283496,0.1550000011920929,0.8709999918937683,0.006000000052154064,0.1833909207746565,0.5801062173369326,0.546999990940094,1,0.04800000041723251,0.2693126795870677,0.7531709835859778,0.7540000081062317,1,0.13099999725818634,0.19014979855786954,GO,500,GO_3
0.1598450704893106,0.12949999421834946,0.5730000138282776,0.012000000104308128,0.10933884487582696,0.28948356794027236,0.23499999940395355,0.9200000166893005,0.023000000044703484,0.1996537373081415,0.597115023210295,0.5925000011920929,0.9860000014305115,0.1340000033378601,0.1691664916432126,GO,500,GO_30
0.4777262072224786,0.43799999356269836,0.9879999756813049,0.019999999552965164,0.27226314863648515,0.47987408502951895,0.4440000057220459,0.9729999899864197,0.041999999433755875,0.24466414619599874,0.6312284043514187,0.640999972820282,0.9919999837875366,0.15700000524520874,0.19692984570380917,GO,500,GO_31
0.236113748998629,0.15700000524520874,0.9959999918937683,0.010999999940395355,0.2135047199529314,0.7084193870196769,0.7429999709129333,0.9919999837875366,0.041999999433755875,0.1934164492954945,0.8474164192447794,0.8859999775886536,1,0.28999999165534973,0.13292522195311676,GO,500,GO_32
0.5027893697952954,0.4690000116825104,0.9900000095367432,0.03200000151991844,0.2784379905903736,0.5808818899975048,0.6155000030994415,0.9729999899864197,0.06300000101327896,0.22134144073193643,0.709086614462921,0.7374999821186066,0.9919999837875366,0.15700000524520874,0.17923250878737101,GO,500,GO_33
0.3673372825773854,0.25,0.9990000128746033,0.008999999612569809,0.29208451703674354,0.40770529420071955,0.3580000102519989,0.9739999771118164,0.052000001072883606,0.22984975981092706,0.6451832656064151,0.6380000114440918,0.9879999756813049,0.15399999916553497,0.18620847543476873,GO,500,GO_34
0.3307735192406659,0.1979999989271164,0.984000027179718,0.014999999664723873,0.2949731218362596,0.35205574944598056,0.3009999990463257,0.9909999966621399,0.02199999988079071,0.23117883291345398,0.6112218348787498,0.6000000238418579,0.9959999918937683,0.17299999296665192,0.1544303508996039,GO,500,GO_35
0.1829441071194874,0.11800000071525574,0.9980000257492065,0.008999999612569809,0.17336360927145897,0.6611980557631824,0.7129999995231628,1,0.061000000685453415,0.2513486170796328,0.815226003183629,0.8809999823570251,1,0.2150000035762787,0.18133756872636883,GO,500,GO_36
0.4533711518492736,0.36500000953674316,1,0.014000000432133675,0.3255954366309498,0.7568258568054768,0.843999981880188,1,0.05000000074505806,0.23818897381078244,0.8595391379680776,0.9210000038146973,1,0.14300000667572021,0.16119847779376123,GO,500,GO_37
0.5649715914941308,0.62950000166893,1,0.02500000037252903,0.31637700594372653,0.6674670456823978,0.7125000059604645,1,0.03999999910593033,0.2264676097428427,0.7467835234139454,0.777999997138977,1,0.12700000405311584,0.19107086181049512,GO,500,GO_38
0.5317435752850171,0.5415000021457672,1,0.02800000086426735,0.3169588379988476,0.6645569829842565,0.7125000059604645,1,0.0430000014603138,0.21278352452713978,0.7803893858077806,0.8220000267028809,1,0.1899999976158142,0.17031382541718937,GO,500,GO_39
0.4511238156725855,0.4339999854564667,0.996999979019165,0.020999999716877937,0.31710174889330983,0.7275520978906319,0.7480000257492065,1,0.17399999499320984,0.17420693213994456,0.8415818667903805,0.8600000143051147,1,0.3109999895095825,0.12409747078695438,GO,500,GO_4
0.5300610518122819,0.5289999842643738,1,0.017999999225139618,0.3143576733334293,0.5647437609516337,0.5889999866485596,1,0.052000001072883606,0.23169384757853723,0.7237058819442616,0.7450000047683716,1,0.19699999690055847,0.15757210751474618,GO,500,GO_40
0.34606577354584267,0.22499999403953552,1,0.019999999552965164,0.27091779059993515,0.6935188786810702,0.7490000128746033,0.9850000143051147,0.0729999989271164,0.21217191833940496,0.8339878196910877,0.8960000276565552,0.9959999918937683,0.1509999930858612,0.15518493223594643,GO,500,GO_41
0.498743235213672,0.4740000069141388,1,0.012000000104308128,0.3244898607290044,0.6588677088279217,0.6990000009536743,1,0.05299999937415123,0.1927850368787142,0.7778647022564872,0.8090000152587891,1,0.1899999976158142,0.15287577155903448,GO,500,GO_42
0.5411397258814884,0.5799999833106995,1,0.019999999552965164,0.2985809840940055,0.6769315063545148,0.6840000152587891,1,0.18799999356269836,0.22881617953484873,0.8122712332091919,0.8289999961853027,1,0.39399999380111694,0.15443052258133227,GO,500,GO_43
0.29036162122541437,0.1889999955892563,1,0.009999999776482582,0.24420292784308903,0.6961114634373393,0.7289999723434448,1,0.05700000002980232,0.19379132443740132,0.835032932181914,0.8759999871253967,1,0.13300000131130219,0.14338717162104464,GO,500,GO_44
0.45452941406299086,0.42650000751018524,0.9700000286102295,0.09300000220537186,0.24232550744930628,0.5997352915651658,0.5900000035762787,0.9419999718666077,0.257999986410141,0.1856540146593025,0.7721176401657217,0.7855000197887421,0.9879999756813049,0.41999998688697815,0.1498244965410708,GO,500,GO_45
0.3621493096146709,0.21699999272823334,1,0.028999999165534973,0.3002185155895585,0.655052698223175,0.7149999737739563,0.9850000143051147,0.11299999803304672,0.22425365257767238,0.8120639903033842,0.8519999980926514,1,0.2759999930858612,0.145817508186178,GO,500,GO_46
0.5347927773578299,0.5120000243186951,1,0.024000000208616257,0.3200743239296298,0.6595427771223088,0.7089999914169312,0.9869999885559082,0.04899999871850014,0.21280451455290705,0.7647794449619121,0.8009999990463257,0.996999979019165,0.12300000339746475,0.1753399986188254,GO,500,GO_47
0.3782622373522051,0.23899999260902405,1,0.0020000000949949026,0.3171880443581981,0.6826398599866804,0.7250000238418579,1,0.07699999958276749,0.2030171514226659,0.8100188810873282,0.8539999723434448,1,0.18000000715255737,0.1617703378768541,GO,500,GO_48
0.21698188409884123,0.11599999666213989,1,0.017999999225139618,0.21717064541992037,0.6889142516802474,0.7289999723434448,1,0.09600000083446503,0.21455457365889788,0.8100688403319334,0.8605000078678131,1,0.14499999582767487,0.1706915626556948,GO,500,GO_5
0.2693168318802767,0.17800000309944153,0.9940000176429749,0.008999999612569809,0.2371262529500713,0.40016171623869695,0.3540000021457672,1,0.07800000160932541,0.21621225351282183,0.6625445544621339,0.6510000228881836,1,0.2329999953508377,0.18904383988005186,GO,500,GO_6
0.5279574772763637,0.5949999988079071,1,0.023000000044703484,0.33607089996700806,0.6010483867349513,0.5954999923706055,1,0.12600000202655792,0.22961018920663426,0.7282067452532804,0.75450000166893,1,0.20000000298023224,0.1958412175625592,GO,500,GO_7
0.20261924664361333,0.12999999523162842,0.8899999856948853,0.01899999938905239,0.1640930895141301,0.7743221756429353,0.8564999997615814,1,0.1379999965429306,0.21157470072958215,0.8685732213273707,0.9539999961853027,1,0.2720000147819519,0.1722996570120219,GO,500,GO_8
0.41069551603995685,0.3889999985694885,1,0.014000000432133675,0.28430445706067436,0.556817933693383,0.5600000023841858,1,0.06400000303983688,0.25245663956370024,0.6755395711339706,0.7160000205039978,1,0.10599999874830246,0.23168085934772717,GO,500,GO_9
0.32013289177721277,0.17299999296665192,1,0.0010000000474974513,0.3008369843106927,0.6424596676163706,0.6919999718666077,1,0.0010000000474974513,0.26459742533786734,0.7827983817255527,0.8379999995231628,1,0.0010000000474974513,0.19874359458848292,GO,Catchment,GO_1
0.3319963707193917,0.18299999833106995,1,0.0010000000474974513,0.30799058166523785,0.63762155129587506,0.6830000281333923,1,0.0010000000474974513,0.26439009598404306,0.7781664655150684,0.8309999704360962,1,0.0010000000474974513,0.19977067869532678,GO,Catchment,GO_10
0.395879122623048,0.4000000059604645,0.9700000286102295,0.019999999552965164,0.24242702722499684,0.60353846012891,0.597000002861023,0.9419999718666077,0.257999986410141,0.17942589252621655,0.7785054929963835,0.7950000166893005,0.9940000176429749,0.41999998688697815,0.13966844668934206,GO,Catchment,GO_11
0.29339949726190984,0.1589999943971634,1,0.006000000052154064,0.2799265713226226,0.6946884884636658,0.7829999923706055,1,0.026000000536441803,0.2681870286544776,0.8246180998549494,0.9020000100135803,1,0.11900000274181366,0.1888278908363516,GO,Catchment,GO_12
0.38485098533043316,0.26999999582767487,1,0.006000000052154064,0.3179491521002151,0.8088706895672335,0.9079999923706055,1,0.18799999356269836,0.20625152322468904,0.8909913791444501,0.9670000076293945,1,0.39399999380111694,0.13750209948219463,GO,Catchment,GO_13
0.19024812331767166,0.1340000033378601,1,0.008999999612569809,0.1637799612679189,0.7136929431572199,0.8190000057220459,1,0.026000000536441803,0.2719782459087249,0.8437819069324134,0.9369999766349792,1,0.11900000274181366,0.18776148348874214,GO,Catchment,GO_14
0.23241701110082708,0.1420000046491623,1,0.008999999612569809,0.21841481507343818,0.6532732440486163,0.7429999709129333,1,0.014999999664723873,0.29734117204404664,0.7841730370550588,0.8809999823570251,1,0.0560000017285347,0.2315789389542146,GO,Catchment,GO_15
0.2925759165338119,0.2199999988079071,0.9819999933242798,0.029999999329447746,0.2182122862269379,0.46411780131424907,0.4025000035762787,0.9990000128746033,0.052000001072883606,0.25172905483498403,0.6646020939056786,0.6455000042915344,1,0.28700000047683716,0.1893392261840192,GO,Catchment,GO_16
0.3098663573105875,0.19099999964237213,0.996999979019165,0.0020000000949949026,0.27616199531842717,0.4532321035252616,0.43299999833106995,1,0.013000000268220901,0.306075416511756,0.6220386022637693,0.6330000162124634,1,0.035999998450279236,0.26049496091959806,GO,Catchment,GO_17
0.3671110513566867,0.23499999940395355,1,0.0020000000949949026,0.30926502350783963,0.6188224248405219,0.7120000123977661,1,0.013000000268220901,0.2970038293884335,0.7500993560867728,0.8429999947547913,1,0.035999998450279236,0.2400345344288783,GO,Catchment,GO_18
0.2708723129613586,0.11400000005960464,1,0.008999999612569809,0.29623230664450156,0.6733980454213262,0.7110000252723694,1,0.05299999937415123,0.23158429451330825,0.8488247554542964,0.8830000162124634,1,0.16699999570846558,0.135679409096492,GO,Catchment,GO_19
0.22441283891193806,0.11599999666213989,1,0.0010000000474974513,0.24816003362634131,0.6145203098280713,0.6520000100135803,1,0.01600000075995922,0.2743618674330517,0.7882922236968837,0.8320000171661377,1,0.1120000034570694,0.18513400724414053,GO,Catchment,GO_2
0.5277329091951014,0.5699999928474426,1,0.006000000052154064,0.34248366083122644,0.6561330148607698,0.6729999780654907,1,0.04800000041723251,0.23267211385467887,0.7876412288404737,0.8140000104904175,1,0.13099999725818634,0.1620304910637485,GO,Catchment,GO_20
0.37984347815736724,0.24699999392032623,1,0.0020000000949949026,0.32727996399721887,0.561581304875081,0.5429999828338623,1,0.0560000017285347,0.2541651003791913,0.7473208690078362,0.75450000166893,1,0.15299999713897705,0.1669436395716977,GO,Catchment,GO_21
0.40238838860835724,0.2709999978542328,1,0.006000000052154064,0.33867603716831457,0.6371605450742088,0.6639999747276306,1,0.04800000041723251,0.25867574495816015,0.7886494074740681,0.8220000267028809,1,0.13099999725818634,0.17189237909110636,GO,Catchment,GO_22
0.6893231768425055,0.8190000057220459,1,0.008999999612569809,0.3144932220420271,0.7267791854446574,0.7870000004768372,1,0.07800000160932541,0.21430540906672854,0.840043135683694,0.8920000195503235,1,0.19499999284744263,0.14703726880379925,GO,Catchment,GO_23
0.5501123822694184,0.6710000038146973,1,0.017000000923871994,0.3645501665214149,0.7655365749749058,0.8240000009536743,1,0.07599999755620956,0.20639959792805093,0.860554964982299,0.8949999809265137,1,0.25999999046325684,0.13300936996571977,GO,Catchment,GO_24
0.49289570999596555,0.4819999933242798,1,0.007000000216066837,0.3409584391779015,0.584198919613345,0.593999981880188,1,0.04800000041723251,0.2609248044041901,0.7401928949593829,0.7689999938011169,1,0.1809999942779541,0.19008757267767235,GO,Catchment,GO_25
0.38051224483577606,0.23199999332427979,1,0.007000000216066837,0.33582166436923055,0.6637301174710505,0.7260000109672546,1,0.03500000014901161,0.264613256245045,0.7977141719602934,0.8550000190734863,1,0.1809999942779541,0.18750963006966595,GO,Catchment,GO_26
0.2706674849534153,0.14399999380111694,1,0.0010000000474974513,0.26933260054521824,0.6114193251459328,0.5955000221729279,1,0.04399999976158142,0.2641658149152008,0.77160122662417,0.7839999794960022,1,0.24400000274181366,0.18255666405965024,GO,Catchment,GO_27
0.21532771233704615,0.11800000071525574,1,0.0010000000474974513,0.23372011021731207,0.6247783727329995,0.6549999713897705,1,0.028999999165534973,0.269297619560996,0.7967060131953496,0.8320000171661377,1,0.14300000667572021,0.177210363352001,GO,Catchment,GO_28
0.3603963052143146,0.20499999821186066,1,0.007000000216066837,0.32735414429064263,0.6518748998230032,0.7070000171661377,1,0.032999999821186066,0.27018566413514444,0.7923867570151787,0.8495000004768372,1,0.11500000208616257,0.1916420440040088,GO,Catchment,GO_29
0.27408509053000957,0.15450000017881393,1,0.014999999664723873,0.2639162898156458,0.3866295181635588,0.31200000643730164,1,0.01600000075995922,0.26981264193765486,0.6402793672855899,0.6225000023841858,1,0.17299999296665192,0.17940242682231056,GO,Catchment,GO_3
0.3026628122815097,0.164000004529953,1,0.0010000000474974513,0.2935489153365288,0.5897016924914726,0.5830000042915344,1,0.023000000044703484,0.27778739371342465,0.7635403049562531,0.7879999876022339,1,0.12700000405311584,0.18883954040285397,GO,Catchment,GO_30
0.267962434835947,0.13600000739097595,1,0.0010000000474974513,0.2810158797200804,0.5918125355099275,0.6119999885559082,1,0.01600000075995922,0.276615509394954,0.7726150983573187,0.8059999942779541,1,0.1120000034570694,0.18471131945565478,GO,Catchment,GO_31
0.1894210311046873,0.10400000214576721,1,0.00800000037997961,0.20318818645737158,0.7320867428821306,0.7960000038146973,1,0.03799999877810478,0.24104182887900483,0.8570270045201634,0.9160000085830688,1,0.16899999976158142,0.1576080908265476,GO,Catchment,GO_32
0.33975689684171817,0.1899999976158142,1,0.007000000216066837,0.31202697803902263,0.6574511005251515,0.7160000205039978,1,0.019999999552965164,0.2670246336177636,0.7977724724590234,0.8550000190734863,1,0.10300000011920929,0.1881018051023997,GO,Catchment,GO_33
0.3718922647405731,0.2329999953508377,1,0.0020000000949949026,0.3186972452628564,0.6612023150102841,0.7110000252723694,1,0.0010000000474974513,0.25124052734801583,0.7757686002960007,0.8389999866485596,1,0.0010000000474974513,0.21070733303893724,GO,Catchment,GO_34
0.32195257730278376,0.18199999630451202,1,0.0020000000949949026,0.2984287300939686,0.6376952997100428,0.6980000138282776,1,0.013000000268220901,0.2652576828336238,0.7708804124038359,0.8309999704360962,1,0.035999998450279236,0.20686406983358246,GO,Catchment,GO_35
0.17232867128549914,0.10300000011920929,0.9729999899864197,0.004000000189989805,0.17597203632538067,0.6725268794331126,0.7139999866485596,1,0.05900000035762787,0.24592323854857834,0.8098760922960416,0.8629999756813049,1,0.13199999928474426,0.17734878627307404,GO,Catchment,GO_36
0.20800974586938614,0.13600000739097595,0.9750000238418579,0.00800000037997961,0.18297435542529272,0.7096627669782899,0.7450000047683716,1,0.0989999994635582,0.1960809404755156,0.8177738791843604,0.8560000061988831,1,0.14399999380111694,0.16384146818003295,GO,Catchment,GO_37
0.1941149423177215,0.1469999998807907,0.7630000114440918,0.017999999225139618,0.1549963568821062,0.5924252860847561,0.5979999899864197,1,0.14100000262260437,0.22256572726794754,0.7715517220825985,0.8140000104904175,1,0.36500000953674316,0.16445030065350463,GO,Catchment,GO_38
0.13420880521165374,0.08799999952316284,0.9649999737739563,0.008999999612569809,0.14175899421670285,0.7907278826307951,0.8600000143051147,1,0.06599999964237213,0.20278860031904325,0.8946540874255279,0.953000009059906,1,0.23199999332427979,0.13128642889268885,GO,Catchment,GO_39
0.4155023011283471,0.3149999976158142,1,0.003000000026077032,0.32927889741964095,0.6704789481184236,0.7149999737739563,1,0.0010000000474974513,0.24339502918400452,0.7731197411770256,0.8379999995231628,1,0.0010000000474974513,0.21569530240806326,GO,Catchment,GO_4
0.2565014827853802,0.1340000033378601,1,0.004000000189989805,0.2645480722869522,0.6638064581752314,0.7110000252723694,1,0.032999999821186066,0.24367420490868677,0.7953864909902436,0.8429999947547913,1,0.10100000351667404,0.1812190842313821,GO,Catchment,GO_40
0.2271403569474447,0.12300000339746475,0.9900000095367432,0.007000000216066837,0.23554753031132433,0.6920679257545195,0.753000020980835,1,0.041999999433755875,0.252105656087504,0.815398370906171,0.8840000033378601,1,0.15000000596046448,0.18819467777482993,GO,Catchment,GO_41
0.33533577203553744,0.2355000004172325,0.9879999756813049,0.014999999664723873,0.2778776705878216,0.5964764225773695,0.6354999840259552,1,0.041999999433755875,0.26509914751697217,0.7363918695386832,0.7799999713897705,1,0.15700000524520874,0.21192462399702577,GO,Catchment,GO_42
0.18676909165125888,0.10899999737739563,0.9940000176429749,0.017000000923871994,0.19326252307116892,0.7630995292374287,0.8100000023841858,1,0.10499999672174454,0.18437343928968933,0.8762294601971284,0.9340000152587891,1,0.29499998688697815,0.13301944722209713,GO,Catchment,GO_43
0.17825336515905685,0.10999999940395355,0.9940000176429749,0.006000000052154064,0.17987063023744587,0.7373430324896805,0.7799999713897705,1,0.08500000089406967,0.19588693046458183,0.8522203085193394,0.902999997138977,1,0.2240000069141388,0.1454677348377411,GO,Catchment,GO_44
0.25357591676286845,0.1394999995827675,0.9670000076293945,0.017999999225139618,0.23901477243101427,0.7364136125521822,0.8109999895095825,1,0.07999999821186066,0.23434680944622124,0.818507853368814,0.8760000169277191,1,0.21299999952316284,0.1853222303585631,GO,Catchment,GO_45
0.18621562801773128,0.12999999523162842,0.8949999809265137,0.01899999938905239,0.14320171610771412,0.7708911972394918,0.8510000109672546,1,0.12800000607967377,0.21710629825747868,0.8585459936030658,0.9549999833106995,1,0.19099999964237213,0.18850131883786422,GO,Catchment,GO_46
0.569485747987291,0.6359999775886536,1,0.003000000026077032,0.32087672719170973,0.6414730622337433,0.6840000152587891,1,0.0010000000474974513,0.2474688879317264,0.7402548927807435,0.8130000233650208,1,0.0010000000474974513,0.23166233606741826,GO,Catchment,GO_47
0.5982745685956732,0.6919999718666077,1,0.020999999716877937,0.3119816138752299,0.729841342288437,0.7549999952316284,1,0.06599999964237213,0.1754387850713061,0.8408503847626968,0.8669999837875366,1,0.17800000309944153,0.1253739611649142,GO,Catchment,GO_48
0.7715589327815702,0.8270000219345093,1,0.02800000086426735,0.19086047391564637,0.7297544479024928,0.7490000128746033,1,0.11500000208616257,0.15825941788513506,0.8438104152723628,0.8640000224113464,1,0.27799999713897705,0.1025743673253891,GO,Catchment,GO_5
0.5201374906325761,0.5569999814033508,1,0.003000000026077032,0.346635892437416,0.650274335129464,0.6800000071525574,1,0.01600000075995922,0.24625083152412097,0.7532638780704874,0.8119999766349792,1,0.017999999225139618,0.21478761512827343,GO,Catchment,GO_6
0.6107613736072096,0.6840000152587891,1,0.014000000432133675,0.299612900460378,0.5175609643926813,0.5189999938011169,1,0.0010000000474974513,0.27611371880695673,0.597678002876257,0.6394999921321869,1,0.0010000000474974513,0.2801760619408582,GO,Catchment,GO_7
0.26451151268974066,0.16099999845027924,1,0.007000000216066837,0.24263855878823676,0.6769475112603454,0.7149999737739563,1,0.0689999982714653,0.22017619521737697,0.7579242387884736,0.796999990940094,1,0.12099999934434891,0.18786645294196708,GO,Catchment,GO_8
0.529485472717247,0.5680000185966492,1,0.003000000026077032,0.3251091615436961,0.6399384178996618,0.6805000007152557,1,0.0010000000474974513,0.2498578427484705,0.7407176978406387,0.8090000152587891,1,0.0010000000474974513,0.2296172248535664,GO,Catchment,GO_9
0.697446667300776,0.7390000224113464,1,0.029999999329447746,0.199474532687024,0.6602169234745013,0.6759999990463257,1,0.11500000208616257,0.16557597157180248,0.8045538459985684,0.8240000009536743,1,0.27799999713897705,0.11755669721849364,GO,Stream,GO_1
0.33875894665360895,0.1679999977350235,0.9829999804496765,0.017000000923871994,0.304992331150101,0.7404719780700421,0.8059999942779541,1,0.07599999755620956,0.23515197297389198,0.8499628628209827,0.8939999938011169,1,0.25999999046325684,0.1542463440878026,GO,Stream,GO_10
0.20092117883944202,0.10499999672174454,0.9739999771118164,0.017000000923871994,0.20957891641429935,0.7227649068775203,0.7580000162124634,1,0.2070000022649765,0.1912587819928657,0.8529431117651314,0.9049999713897705,1,0.29499998688697815,0.1429666965626109,GO,Stream,GO_11
0.3721179449782285,0.2800000011920929,1,0.007000000216066837,0.3025873059290087,0.5175464437679078,0.4830000102519989,1,0.04800000041723251,0.26703074532183924,0.6941063021427769,0.7020000219345093,1,0.1809999942779541,0.20403938984632325,GO,Stream,GO_12
0.2615874285394592,0.16250000149011612,0.9909999966621399,0.007000000216066837,0.2364917736055304,0.5932834282261985,0.593999981880188,1,0.0689999982714653,0.24151031290413388,0.7040622853296143,0.722000002861023,1,0.15000000596046448,0.20861532146500608,GO,Stream,GO_13
0.19005526050369695,0.10899999737739563,0.9789999723434448,0.006000000052154064,0.19411443643156692,0.7040648247823621,0.7390000224113464,1,0.08500000089406967,0.20318543224510968,0.8309613887644219,0.8790000081062317,1,0.2240000069141388,0.15632740024678718,GO,Stream,GO_14
0.43633897034366903,0.4020000100135803,1,0.003000000026077032,0.30436074092113735,0.6029420645397766,0.6259999871253967,1,0.0020000000949949026,0.25201391854189126,0.7170639635917524,0.7720000147819519,1,0.0020000000949949026,0.23510469347813737,GO,Stream,GO_15
0.16345346063896332,0.1120000034570694,0.9459999799728394,0.0020000000949949026,0.15766865786766926,0.5410668259796256,0.5090000033378601,1,0.0560000017285347,0.2644748407867488,0.7603269684215149,0.7789999842643738,1,0.15299999713897705,0.17182527121996774,GO,Stream,GO_16
0.35701719576014923,0.2199999988079071,1,0.008999999612569809,0.3217392235206519,0.6224735442046372,0.6705000102519989,1,0.05299999937415123,0.23957317589475707,0.8161256614106672,0.8555000126361847,1,0.16699999570846558,0.14679170752784396,GO,Stream,GO_17
0.2876197821957638,0.16099999845027924,1,0.007000000216066837,0.27111763385205007,0.6234282333627512,0.6520000100135803,1,0.03500000014901161,0.28266432277302705,0.7711358213394653,0.8159999847412109,1,0.1809999942779541,0.20410099329183687,GO,Stream,GO_18
0.1400010623037815,0.09000000357627869,0.9649999737739563,0.008999999612569809,0.14959483018206618,0.7790180568287047,0.8510000109672546,1,0.06599999964237213,0.2106305259933544,0.8858513005920629,0.9449999928474426,1,0.23199999332427979,0.1378337531216064,GO,Stream,GO_19
0.27571153911188817,0.15550000220537186,0.9670000076293945,0.017999999225139618,0.25320825118129575,0.7376346157338375,0.7980000078678131,1,0.07999999821186066,0.22713422528067284,0.817663461734087,0.8650000095367432,1,0.21299999952316284,0.18048852621000466,GO,Stream,GO_2
0.23521266897408522,0.15000000596046448,1,0.006000000052154064,0.22038438766684654,0.59762063542922494,0.5820000171661377,1,0.04800000041723251,0.2710744679283182,0.7718720828614584,0.7929999828338623,1,0.13099999725818634,0.18407874794054885,GO,Stream,GO_20
0.21928472155317044,0.14950000494718552,0.9750000238418579,0.00800000037997961,0.18710150745550239,0.699108795211133,0.7329999804496765,1,0.10899999737739563,0.19576006717743755,0.8102847217340712,0.8519999980926514,1,0.21899999678134918,0.1638678929399711,GO,Stream,GO_21
0.22920008003116607,0.125,1,0.004999999888241291,0.23838157446216948,0.6146146165260586,0.6074999868869781,1,0.06800000369548798,0.2610567242507054,0.7825810698607859,0.7985000014305115,1,0.26499998569488525,0.17330638977739105,GO,Stream,GO_22
0.18220708573454555,0.11749999970197678,0.9729999899864197,0.00800000037997961,0.17409040517082722,0.7356821356300346,0.7670000195503235,1,0.09600000083446503,0.20316590169871201,0.8380908174681925,0.8820000290870667,1,0.14900000393390656,0.157951601816787,GO,Stream,GO_23
0.21079104449321975,0.16699999570846558,0.7630000114440918,0.024000000208616257,0.15853931213837597,0.573537312336822,0.5640000104904175,0.9580000042915344,0.14100000262260437,0.20945291828540863,0.7717462662440627,0.8140000104904175,0.972000002861023,0.36500000953674316,0.1571568751903413,GO,Stream,GO_24
0.3664497268055388,0.23600000143051147,0.996999979019165,0.010999999940395355,0.29154162243801246,0.542237158142071,0.5889999866485596,0.9890000224113464,0.017999999225139618,0.30559911033091525,0.6787453546712958,0.7120000123977661,0.996999979019165,0.0820000022649765,0.2500379077436871,GO,Stream,GO_25
0.21877710445147472,0.11599999666213989,1,0.00800000037997961,0.23033968136848137,0.7253777776252139,0.8159999847412109,1,0.03799999877810478,0.2631321693783108,0.8453050501619526,0.9120000004768372,1,0.16899999976158142,0.1718257688794829,GO,Stream,GO_26
0.27698408337016794,0.15800000727176666,1,0.007000000216066837,0.2617886741411056,0.6037223899394815,0.6110000014305115,1,0.03500000014901161,0.28309981261077194,0.7629889735480644,0.8050000071525574,1,0.11500000208616257,0.20543665847421932,GO,Stream,GO_27
0.35914524732495673,0.24799999594688416,1,0.003000000026077032,0.2966214011123665,0.6364232922651317,0.6629999876022339,1,0.0020000000949949026,0.2482627832406115,0.7514071206143951,0.8059999942779541,1,0.0020000000949949026,0.2212213945514162,GO,Stream,GO_28
0.4432590360113655,0.4230000078678131,0.9819999933242798,0.07500000298023224,0.219050787616029,0.4126445778522147,0.39149999618530273,0.9620000123977661,0.09200000017881393,0.18291064384381506,0.5976807221949819,0.601500004529953,0.9710000157356262,0.28700000047683716,0.15602867069867013,GO,Stream,GO_29
0.23056707265786827,0.1599999964237213,0.9079999923706055,0.006000000052154064,0.1994334987696057,0.5804817068140681,0.5485000014305115,1,0.04800000041723251,0.2657066892681978,0.75081829159725,0.7524999976158142,1,0.13099999725818634,0.1891368085097586,GO,Stream,GO_3
0.2619694595555946,0.14300000667572021,1,0.0010000000474974513,0.26726239959949755,0.5823966242610265,0.574999988079071,1,0.023000000044703484,0.27915986586493025,0.7647888286240205,0.7850000262260437,1,0.1340000033378601,0.1858982672480998,GO,Stream,GO_30
0.4293990080929194,0.38100001215934753,0.9879999756813049,0.019999999552965164,0.2814604175806262,0.5016802974977753,0.47699999809265137,0.9929999709129333,0.041999999433755875,0.24976742932650808,0.6584386618570176,0.6639999747276306,0.9990000128746033,0.15700000524520874,0.20452454317358879,GO,Stream,GO_31
0.16747101979578957,0.10400000214576721,0.9959999918937683,0.0010000000474974513,0.17030017131355898,0.6103956958768249,0.6370000243186951,1,0.028999999165534973,0.27514661840968246,0.7966744922125185,0.8325000107288361,1,0.14300000667572021,0.1770517516920947,GO,Stream,GO_32
0.2609576151812988,0.1420000046491623,0.9900000095367432,0.007000000216066837,0.2550940492995352,0.6587671170728633,0.7110000252723694,1,0.041999999433755875,0.2581849784746086,0.7889315323547591,0.8479999899864197,1,0.15000000596046448,0.1953002902085774,GO,Stream,GO_33
0.24462796777224924,0.13199999928474426,1,0.0010000000474974513,0.25767780243050903,0.5765877821295883,0.5920000076293945,1,0.01600000075995922,0.2760331052822865,0.7671805649153975,0.8029999732971191,1,0.1379999965429306,0.18652078348995255,GO,Stream,GO_34
0.32392122542192137,0.1964999958872795,0.984000027179718,0.014999999664723873,0.2889127523395637,0.3699343547110876,0.31200000643730164,0.9940000176429749,0.02199999988079071,0.24608649500466484,0.6230995619681784,0.6079999804496765,0.996999979019165,0.17299999296665192,0.16447655300213201,GO,Stream,GO_35
0.2046911033354302,0.13600000739097595,1,0.008999999612569809,0.1793711990938467,0.6611822064846647,0.7260000109672546,1,0.026000000536441803,0.27207937704750335,0.8126128114415233,0.890999972820282,1,0.11900000274181366,0.19460815204665033,GO,Stream,GO_36
0.45536675293779905,0.367000013589859,1,0.010999999940395355,0.3167982142076495,0.6490066207612369,0.7450000047683716,1,0.017999999225139618,0.2764276513460406,0.7648252539423008,0.8500000238418579,1,0.0820000022649765,0.22018112617694346,GO,Stream,GO_37
0.28878251159670776,0.1589999943971634,1,0.006000000052154064,0.2791322442096661,0.6581671843000997,0.7089999914169312,1,0.032999999821186066,0.24746084675015645,0.7826959384084043,0.8259999752044678,1,0.10100000351667404,0.1859687954754795,GO,Stream,GO_38
0.3774791219850799,0.24400000274181366,1,0.006000000052154064,0.3125185207060072,0.6516723030659651,0.7139999866485596,1,0.017999999225139618,0.2530931702704707,0.7727345572333955,0.824999988079071,1,0.0820000022649765,0.1960754021758018,GO,Stream,GO_39
0.4852629181035983,0.5139999985694885,1,0.020999999716877937,0.3099968034136444,0.7078988520388908,0.723499983549118,1,0.06599999964237213,0.18583870712268669,0.8319490034937134,0.8560000061988831,1,0.17800000309944153,0.13447850661382788,GO,Stream,GO_4
0.26161475242608584,0.1459999978542328,1,0.0010000000474974513,0.26458883846982156,0.5679070689337311,0.5709999799728394,1,0.01600000075995922,0.27500163593597376,0.7582868809078736,0.7860000133514404,1,0.13099999725818634,0.1860659417146446,GO,Stream,GO_40
0.29448271891680616,0.17399999499320984,1,0.007000000216066837,0.27006136017314714,0.6256598308658996,0.6589999794960022,1,0.028999999165534973,0.27587116805362916,0.7778192686512242,0.8240000009536743,1,0.11400000005960464,0.19625158106759727,GO,Stream,GO_41
0.3514134408432092,0.22699999809265137,1,0.003000000026077032,0.2983085983628281,0.6432396781233999,0.6809999942779541,1,0.0020000000949949026,0.2502176657185427,0.763081481103113,0.8180000185966492,1,0.0020000000949949026,0.21078691612049397,GO,Stream,GO_42
0.5411397258814884,0.5799999833106995,1,0.019999999552965164,0.2985809840940055,0.6769315063545148,0.6840000152587891,1,0.18799999356269836,0.22881617953484873,0.8122712332091919,0.8289999961853027,1,0.39399999380111694,0.15443052258133227,GO,Stream,GO_43
0.30889621879552054,0.1809999942779541,1,0.0010000000474974513,0.28415907037690646,0.6146907599718378,0.6460000276565552,1,0.0020000000949949026,0.2651012131305535,0.7654522717017759,0.8090000152587891,1,0.0020000000949949026,0.1991046418760454,GO,Stream,GO_44
0.45452941406299086,0.42650000751018524,0.9700000286102295,0.09300000220537186,0.24232550744930628,0.5997352915651658,0.5900000035762787,0.9419999718666077,0.257999986410141,0.1856540146593025,0.7721176401657217,0.7855000197887421,0.9879999756813049,0.41999998688697815,0.1498244965410708,GO,Stream,GO_45
0.28477132218288087,0.1809999942779541,1,0.014000000432133675,0.24701011608002474,0.5880294230695488,0.6510000228881836,0.9980000257492065,0.017999999225139618,0.2841807380562537,0.7432175046877044,0.8130000233650208,1,0.0560000017285347,0.2251219512979305,GO,Stream,GO_46
0.35655537652880576,0.20900000631809235,1,0.006000000052154064,0.3079854901577911,0.6702635531618826,0.7279999852180481,1,0.026000000536441803,0.2525434363023344,0.8037380568735137,0.859000027179718,1,0.11900000274181366,0.18502012299635606,GO,Stream,GO_47
0.31210517905113266,0.1850000023841858,1,0.0010000000474974513,0.2841280958756707,0.6192502962666683,0.6549999713897705,1,0.0020000000949949026,0.26331282563529235,0.7688199912108877,0.8140000104904175,1,0.0020000000949949026,0.19741338819961904,GO,Stream,GO_48
0.39539670618656364,0.3319999873638153,1,0.003000000026077032,0.30754962493882726,0.6084242350836011,0.6190000176429749,1,0.01600000075995922,0.24560278391142784,0.7268367057946675,0.7654999792575836,1,0.017999999225139618,0.22477799110103636,GO,Stream,GO_5
0.6291037926082305,0.7314999997615814,1,0.008999999612569809,0.3104230675862762,0.6325768459357782,0.6835000216960907,1,0.07800000160932541,0.2557593976328722,0.7931047900321478,0.8505000174045563,1,0.2329999953508377,0.17506936522982797,GO,Stream,GO_6
0.5349795429493744,0.5609999895095825,1,0.017000000923871994,0.30479048122951025,0.4727676368459918,0.4699999988079071,1,0.0020000000949949026,0.25794362957668676,0.5655573040054983,0.5989999771118164,1,0.0020000000949949026,0.27275062545560186,GO,Stream,GO_7
0.20115892830238277,0.13450000435113907,0.8899999856948853,0.01899999938905239,0.1576987498589057,0.77524107146476,0.8365000188350677,1,0.1379999965429306,0.20046128564885551,0.8774642849607127,0.9539999961853027,1,0.2720000147819519,0.16259965044807956,GO,Stream,GO_8
0.460383354560007,0.453000009059906,1,0.003000000026077032,0.30892805709815374,0.6037831625846906,0.6290000081062317,1,0.0020000000949949026,0.25096343806299765,0.7159820101087347,0.776500016450882,1,0.0020000000949949026,0.23914775208923542,GO,Stream,GO_9
0.7046972469452324,0.7799999713897705,1,0.14100000262260437,0.23269028353315874,0.5961926632791484,0.6069999933242798,1,0.2029999941587448,0.18898219187539517,0.7189724770707822,0.7409999966621399,1,0.2630000114440918,0.14522552621671647,VY,100,V_1
0.5047692290435617,0.49799999594688416,1,0.08500000089406967,0.2610596859886445,0.6065865383984951,0.5844999849796295,0.9990000128746033,0.16500000655651093,0.17080606226973652,0.7795576920303015,0.7894999980926514,0.9990000128746033,0.4269999861717224,0.11654132379606387,VY,100,V_10
0.6883956047368573,0.7269999980926514,0.9959999918937683,0.10499999672174454,0.17545837581916035,0.7258571464936812,0.7440000176429749,0.9739999771118164,0.382999986410141,0.10858469161217038,0.8497802189418248,0.8640000224113464,0.9750000238418579,0.5630000233650208,0.08150498065698297,VY,100,V_11
0.8061666658946446,0.8274999856948853,0.9980000257492065,0.39899998903274536,0.13296088995541258,0.7829285696858451,0.7800000011920929,0.9570000171661377,0.5740000009536743,0.10105238878962548,0.837392854548636,0.8509999811649323,0.9620000123977661,0.6299999952316284,0.0847751160643837,VY,100,V_12
0.767011110815737,0.8729999959468842,0.9890000224113464,0.23000000417232513,0.22487747201504982,0.6271333331863086,0.6379999816417694,0.9330000281333923,0.1679999977350235,0.16798791152238604,0.7292444424496757,0.7560000121593475,0.9559999704360962,0.36899998784065247,0.15932168547505565,VY,100,V_13
0.5289406789056326,0.4570000022649765,1,0.06499999761581421,0.30794164525962087,0.7020847461486267,0.659500002861023,1,0.33500000834465027,0.18126820830551096,0.8802966137053603,0.8650000095367432,1,0.6759999990463257,0.07671172744589429,VY,100,V_14
0.7163243251475128,0.7910000085830688,1,0.16200000047683716,0.2547828039653439,0.6084324334924286,0.6140000224113464,0.996999979019165,0.13699999451637268,0.21704302465711672,0.751256753866737,0.7849999964237213,0.996999979019165,0.3479999899864197,0.14381562165810458,VY,100,V_15
0.9237378650498622,0.9980000257492065,1,0.46799999475479126,0.1329969731162206,0.8672232986653893,0.9620000123977661,1,0.42899999022483826,0.16928888040714418,0.9036504857748457,0.968999981880188,1,0.625,0.11956487474511256,VY,100,V_16
0.6415148516102592,0.6259999871253967,0.9679999947547913,0.31299999356269836,0.15632335777442016,0.6368811881483192,0.7170000076293945,0.9020000100135803,0.13199999928474426,0.20368216870209263,0.7108910898170849,0.7799999713897705,0.9430000185966492,0.1459999978542328,0.19297429627182106,VY,100,V_17
0.45794999996821084,0.40450000762939453,0.9150000214576721,0.1679999977350235,0.20967807740153613,0.7209833318988482,0.7405000030994415,0.8960000276565552,0.35199999809265137,0.12384852752766876,0.8217500050862631,0.8474999964237213,0.972000002861023,0.47699999809265137,0.10889469714337498,VY,100,V_18
0.9928539328360826,1,1,0.7549999952316284,0.029024109323403515,0.9486179783772887,1,1,0.46000000834465027,0.12408561153014201,0.9530000013581822,1,1,0.49799999594688416,0.11205507953797217,VY,100,V_19
0.8307674430137457,0.8579999804496765,1,0.3149999976158142,0.12885967468186912,0.7550232542115588,0.7580000162124634,0.9879999756813049,0.46299999952316284,0.11934537142217237,0.835372093805047,0.8475000262260437,0.9879999756813049,0.5099999904632568,0.09971595452025396,VY,100,V_2
0.9861157034054275,1,1,0.6919999718666077,0.043586159652434474,0.9291570270357054,0.9940000176429749,1,0.45899999141693115,0.13734014953770526,0.9383884313677954,0.9940000176429749,1,0.5350000262260437,0.11760366694553402,VY,100,V_20
0.7989350630865468,0.8320000171661377,0.9850000143051147,0.30399999022483826,0.14735852848047767,0.6471558447395053,0.6930000185966492,0.9319999814033508,0.11800000071525574,0.19899716161547354,0.7025714264094055,0.7559999823570251,0.9459999799728394,0.12300000339746475,0.19439226437994062,VY,100,V_21
0.942941176891327,1,1,0.5649999976158142,0.0936515021359201,0.853623527989668,0.9599999785423279,1,0.4300000071525574,0.18394156694193814,0.888882351622862,0.9599999785423279,1,0.5640000104904175,0.13859356424951505,VY,100,V_22
0.7377391284250695,0.8154999911785126,0.996999979019165,0.1679999977350235,0.20575221770164356,0.6494782605896825,0.6579999923706055,0.9679999947547913,0.24799999594688416,0.1691213522700887,0.7677934785252032,0.789000004529953,0.9760000109672546,0.4909999966621399,0.12029346084926339,VY,100,V_23
0.967399999969884,1,1,0.6700000166893005,0.07641145571186783,0.9469052634741131,0.9940000176429749,1,0.4300000071525574,0.094758603933577365,0.9671894726000334,0.9959999918937683,1,0.5759999752044678,0.06669146440568995,VY,100,V_24
0.5549512216594161,0.5855000019073486,0.9869999885559082,0.14900000393390656,0.21494472093714,0.6489512200762586,0.6875,0.8500000238418579,0.2809999883174896,0.15188908420919933,0.7628170724322156,0.8070000112056732,0.9399999976158142,0.45500001311302185,0.1349381314867019,VY,100,V_25
0.591350649374646,0.6039999723434448,0.9900000095367432,0.10599999874830246,0.2181286914800702,0.684272726247837,0.7049999833106995,0.9330000281333923,0.39500001072883606,0.13567304160712942,0.7849480532980585,0.800000011920929,0.9639999866485596,0.5889999866485596,0.09423374259514392,VY,100,V_26
0.6805200009047985,0.6784999966621399,1,0.17399999499320984,0.1834640039276632,0.7453700006008148,0.757999986410141,0.996999979019165,0.44999998807907104,0.11645874571789915,0.8684200000762939,0.8865000009536743,0.996999979019165,0.609000027179718,0.07441911736909408,VY,100,V_27
0.47166666792971745,0.3330000042915344,1,0.09000000357627869,0.328266562461547,0.7443809522049768,0.7760000228881836,1,0.19699999690055847,0.18685048529560383,0.8684857135727292,0.9089999794960022,1,0.40299999713897705,0.1323595141051354,VY,100,V_28
0.30697530820781804,0.2709999978542328,0.8889999985694885,0.07999999821186066,0.19424752004299206,0.7205925929693529,0.7730000019073486,0.9589999914169312,0.26600000262260437,0.17565290953998944,0.8227407424538223,0.8849999904632568,0.9900000095367432,0.2919999957084656,0.15981362481175268,VY,100,V_29
0.766750001013279,0.8229999840259552,1,0.21400000154972076,0.19620332624498218,0.7602099978923798,0.7664999961853027,0.9739999771118164,0.4699999988079071,0.125278057562101,0.8592299991846084,0.8595000207424164,0.9929999709129333,0.6449999809265137,0.08146596570778812,VY,100,V_3
0.7916236567881799,0.875,1,0.1599999964237213,0.223718033967051,0.8059462376179234,0.8309999704360962,1,0.35199999809265137,0.1767379778956071,0.8843118292029186,0.9430000185966492,1,0.5120000243186951,0.12821550883586458,VY,100,V_30
0.4666499990969896,0.4400000125169754,0.9549999833106995,0.08799999952316284,0.20414787890140518,0.4591374987736344,0.4064999967813492,0.902999997138977,0.1420000046491623,0.21534980195342335,0.6346749998629093,0.6565000116825104,0.9449999928474426,0.1899999976158142,0.20557783737504895,VY,100,V_31
0.7023124983534217,0.7319999933242798,0.9520000219345093,0.20499999821186066,0.17741631025709315,0.48256249956320973,0.6030000150203705,0.9350000023841858,0.02500000037252903,0.3231657024464748,0.5343125007115305,0.7064999938011169,0.9779999852180481,0.026000000536441803,0.3533856361396437,VY,100,V_32
0.9720666660202875,1,1,0.48899999260902405,0.08987292031058676,0.9639111134741042,1,1,0.5120000243186951,0.09411666534069354,0.9834333340326945,1,1,0.8090000152587891,0.04201927219966709,VY,100,V_33
0.7304952373107274,0.8289999961853027,1,0.16699999570846558,0.2725918391598544,0.8262095193068186,0.843999981880188,1,0.3779999911785126,0.15707290606502997,0.9136857129278637,0.9330000281333923,1,0.4359999895095825,0.08904420914963194,VY,100,V_34
0.4645348824560642,0.42649999260902405,0.9860000014305115,0.06300000101327896,0.22557600322120042,0.5672558157943016,0.5315000116825104,0.9729999899864197,0.3720000088214874,0.14242654960093482,0.7509999996007874,0.7394999861717224,0.9860000014305115,0.5320000052452087,0.11232714978378933,VY,100,V_35
0.4790740729206138,0.41599999368190765,1,0.09000000357627869,0.26064989544395273,0.70050925789056,0.7105000019073486,0.9309999942779541,0.30300000309944153,0.11572449457442288,0.8247962980358688,0.8460000157356262,0.9639999866485596,0.46299999952316284,0.099348698208461525,VY,100,V_36
0.4543600007891655,0.38999998569488525,1,0.08500000089406967,0.2634505270371821,0.7493333325783411,0.8130000233650208,0.9980000257492065,0.22300000488758087,0.1843913531942321,0.8428266688187918,0.8889999985694885,0.9980000257492065,0.3370000123977661,0.1428274678474971,VY,100,V_37
0.4238356154361,0.38100001215934753,0.9729999899864197,0.061000000685453415,0.23328017287322447,0.6022465741389418,0.5820000171661377,0.9639999866485596,0.22300000488758087,0.18469440173456245,0.74152054729527,0.7480000257492065,0.9810000061988831,0.39399999380111694,0.16197334299983693,VY,100,V_38
0.2009722228265471,0.1655000001192093,0.593999981880188,0.10000000149011612,0.09850873475104231,0.7879444460074106,0.7985000014305115,0.9399999976158142,0.5619999766349792,0.07401691470954523,0.8981388865245713,0.9089999794960022,0.9739999771118164,0.609000027179718,0.06344417592433003,VY,100,V_39
0.588255319665087,0.6315000057220459,0.9940000176429749,0.1120000034570694,0.2465105266799434,0.5643936211758471,0.5424999892711639,0.902999997138977,0.2720000147819519,0.15232267961428983,0.7470744680216972,0.7625000178813934,0.9440000057220459,0.4790000021457672,0.1085113563860465,VY,100,V_4
0.5698395049498405,0.5720000267028809,1,0.11599999666213989,0.30961066129224235,0.7817407415972816,0.7829999923706055,0.9980000257492065,0.37400001287460327,0.12535736723488497,0.8711851835250854,0.8939999938011169,0.9980000257492065,0.4779999852180481,0.09318129348478424,VY,100,V_40
0.7573786399607519,1,1,0.14300000667572021,0.29830666328213296,0.7817184476597795,0.9549999833106995,1,0.367000013589859,0.2430094964995846,0.8678155350453646,0.9629999995231628,1,0.527999997138977,0.1541350149258928,VY,100,V_41
0.5876785712981862,0.6274999976158142,1,0.06700000166893005,0.3199860127628775,0.7419196401855775,0.7604999840259552,1,0.4090000092983246,0.1591410006555194,0.8616607157247407,0.8664999902248383,1,0.6190000176429749,0.09251623099852717,VY,100,V_42
0.4326226425901899,0.33550000190734863,1,0.05999999865889549,0.3173687794962615,0.7184622646221575,0.7580000162124634,1,0.24199999868869781,0.20132008127292425,0.8609716993457867,0.8785000145435333,1,0.5709999799728394,0.10753918245150328,VY,100,V_43
0.6454094489963036,0.6520000100135803,1,0.15399999916553497,0.23005290431770456,0.7082204722513364,0.7099999785423279,1,0.25699999928474426,0.1451732360631877,0.8334488204614384,0.8659999966621399,1,0.4650000035762787,0.11616283754386794,VY,100,V_5
0.9263723397508581,0.9625000059604645,1,0.5139999985694885,0.0961411357878582,0.7434999980825059,0.7849999964237213,1,0.4129999876022339,0.22834598281866003,0.7815319163368103,0.8770000040531158,1,0.4830000102519989,0.20617607692368103,VY,100,V_6
0.9964680861919484,1,1,0.8659999966621399,0.015352980486566895,0.8676063821036765,0.9710000157356262,1,0.46399998664855957,0.1804878239692215,0.8697021261174628,0.9710000157356262,1,0.4650000035762787,0.17872474519706028,VY,100,V_7
0.7083425921974359,0.7299999892711639,0.9710000157356262,0.289000004529953,0.1701628794813266,0.565361112839094,0.6040000021457672,0.9670000076293945,0.057999998331069946,0.2678947858368119,0.6287407416988302,0.6955000162124634,0.9760000109672546,0.06199999898672104,0.2820565130584855,VY,100,V_8
0.4827457628512787,0.4749999940395355,0.8989999890327454,0.11800000071525574,0.23595379475077008,0.6202542377730548,0.6589999794960022,0.8899999856948853,0.2590000033378601,0.1851218232214874,0.729559320514485,0.7570000290870667,0.9660000205039978,0.3970000147819519,0.1564819344718189,VY,100,V_9
0.7808484368259088,0.8370000123977661,1,0.14100000262260437,0.19435026387733678,0.6503312507644295,0.6724999845027924,1,0.1899999976158142,0.1691676380413175,0.7557140635792166,0.7675000131130219,1,0.2630000114440918,0.11521658546395948,VY,500,V_1
0.5907062549772285,0.6119999885559082,1,0.0729999989271164,0.21517066157145237,0.6807585117817869,0.7089999914169312,0.9990000128746033,0.1420000046491623,0.14093820066046323,0.8102438639103187,0.8320000171661377,0.9990000128746033,0.40799999237060547,0.10581747703812804,VY,500,V_10
0.6977421555358099,0.7580000162124634,1,0.09300000220537186,0.24677553937795446,0.6939577079730014,0.7269999980926514,0.9990000128746033,0.1589999943971634,0.18332446024783036,0.7936111862630181,0.8349999785423279,0.9990000128746033,0.296999990940094,0.15042690726591754,VY,500,V_11
0.7496413782752793,0.796999990940094,1,0.14499999582767487,0.19191780669279976,0.8006275866566033,0.8140000104904175,0.968999981880188,0.3919999897480011,0.08969631787333351,0.8731706889538929,0.890999972820282,0.9850000143051147,0.45100000500679016,0.07701869561449187,VY,500,V_12
0.7659774438517734,0.8169999718666077,0.9990000128746033,0.16599999368190765,0.181373145515618,0.5379573926749758,0.5365000069141388,0.9539999961853027,0.05999999865889549,0.18689919204784672,0.6536228066417658,0.6669999957084656,0.9580000042915344,0.10100000351667404,0.16641757717000197,VY,500,V_13
0.4472567462315675,0.36800000071525574,1,0.0560000017285347,0.27037310972509215,0.6903400153679947,0.6690000295639038,1,0.257999986410141,0.15945674766006812,0.8774872788485878,0.8830000162124634,1,0.5189999938011169,0.07907211779070257,VY,500,V_14
0.8006833743823186,0.8429999947547913,1,0.16200000047683716,0.15897709701731416,0.6087970660229767,0.598499983549118,0.996999979019165,0.13699999451637268,0.19219259373185307,0.7132420527468684,0.7165000140666962,0.996999979019165,0.1889999955892563,0.15437162862795964,VY,500,V_15
0.7878824393870548,0.8550000190734863,1,0.10100000351667404,0.22698041072821296,0.7770859664367631,0.7860000133514404,1,0.3140000104904175,0.18061534736818746,0.8593526827246717,0.8920000195503235,1,0.43700000643730164,0.12774271235147752,VY,500,V_16
0.6228793812781265,0.6254999935626984,1,0.0989999994635582,0.19573506477778385,0.5947381445302714,0.656000018119812,0.9779999852180481,0.004999999888241291,0.22664879758756248,0.7144422680629207,0.777999997138977,0.9779999852180481,0.006000000052154064,0.21410120143936412,VY,500,V_17
0.4696949608031097,0.4594999998807907,0.9980000257492065,0.07100000232458115,0.2092497130710432,0.6872055711575465,0.7160000205039978,0.9660000205039978,0.23600000143051147,0.14681328205270772,0.8469628645033039,0.8714999854564667,0.9900000095367432,0.45899999141693115,0.09469655779432737,VY,500,V_18
0.7939426521753966,0.9180000126361847,1,0.0689999982714653,0.2529119606503806,0.8026003588698671,0.835999995470047,1,0.3190000057220459,0.19869295498448883,0.8831164886019991,0.9190000295639038,1,0.4970000088214874,0.13412068454383116,VY,500,V_19
0.8216330391010751,0.843999981880188,1,0.2590000033378601,0.11992468330604934,0.7352105927798066,0.7490000128746033,1,0.3199999928474426,0.1375063357033761,0.8345283734392549,0.8489999771118164,1,0.4050000011920929,0.09598192381000617,VY,500,V_2
0.918579761684988,1,1,0.14399999380111694,0.15588618478365657,0.84917428023532,0.9670000076293945,1,0.3140000104904175,0.18564364945893652,0.8828215043015323,0.972000002861023,1,0.43700000643730164,0.1470709352210187,VY,500,V_20
0.7584703264409781,0.7770000100135803,0.9980000257492065,0.23399999737739563,0.15814532385972524,0.7021379813176057,0.7709999978542328,0.9599999785423279,0.028999999165534973,0.20519769093564527,0.7560623143509428,0.8264999985694885,0.9829999804496765,0.0430000014603138,0.20371712641730721,VY,500,V_21
0.8060420500738705,0.8569999933242798,1,0.11699999868869781,0.1846503188400641,0.7652010510769843,0.800000011920929,1,0.35899999737739563,0.16048590825840062,0.8424494083623222,0.878000020980835,1,0.43700000643730164,0.12447637863114412,VY,500,V_22
0.8526753239914194,0.8885000050067902,1,0.1679999977350235,0.12277543550084144,0.786245671911286,0.8259999752044678,0.9679999947547913,0.10999999940395355,0.13144335541842048,0.8476504328866283,0.882500022649765,0.9850000143051147,0.12800000607967377,0.115720654195221,VY,500,V_23
0.9617655364386106,1,1,0.12700000405311584,0.12039602952247183,0.9505889839624281,0.9990000128746033,1,0.3720000088214874,0.10085846019347683,0.9708220344142052,0.9990000128746033,1,0.5759999752044678,0.05909440974536776,VY,500,V_24
0.4701907635782378,0.44349999725818634,0.9869999885559082,0.08900000154972076,0.21859227283573504,0.7022650610490975,0.7110000252723694,0.9229999780654907,0.2809999883174896,0.10185961996734205,0.8441546185907111,0.8690000176429749,0.9779999852180481,0.45500001311302185,0.09400086775088334,VY,500,V_25
0.6971804633218524,0.7060000002384186,0.9959999918937683,0.10599999874830246,0.1851625414695173,0.6648543047293133,0.7049999833106995,0.9440000057220459,0.13300000131130219,0.16533559621622843,0.7372268209147532,0.7644999921321869,0.9639999866485596,0.1770000010728836,0.14375813417440628,VY,500,V_26
0.7415227991620658,0.7609999775886536,1,0.17399999499320984,0.16046886960375545,0.7241866381825091,0.7429999709129333,0.9980000257492065,0.11999999731779099,0.1302618263712219,0.8297857899428173,0.859000027179718,0.9980000257492065,0.12700000405311584,0.12248262929066943,VY,500,V_27
0.5703921567206901,0.5139999985694885,1,0.039000000804662704,0.3589710596120783,0.7730476199105786,0.8130000233650208,1,0.19699999690055847,0.2020426547469352,0.8918309991989706,0.921999990940094,1,0.3799999952316284,0.11347001192313427,VY,500,V_28
0.34661003873902857,0.267999991774559,0.9750000238418579,0.06700000166893005,0.21737083477133765,0.7316196923032691,0.7635000050067902,0.9599999785423279,0.09700000286102295,0.14317338781387084,0.8380231672042125,0.8815000057220459,0.9959999918937683,0.1120000034570694,0.13789139937615352,VY,500,V_29
0.7496490463800455,0.8185000121593475,1,0.07199999690055847,0.23026946516527227,0.6925851686060341,0.7170000076293945,1,0.1720000058412552,0.17687616846199317,0.8153039646087414,0.8349999785423279,1,0.18199999630451202,0.1158267602221005,VY,500,V_3
0.7717753428506524,0.8285000026226044,1,0.06199999898672104,0.20634718305593916,0.7919739732595339,0.8154999911785126,1,0.1720000058412552,0.1415369496659536,0.8758684930123695,0.8999999761581421,1,0.25999999046325684,0.09927640396526927,VY,500,V_30
0.5970809355967766,0.6005000174045563,1,0.08699999749660492,0.24226586322748786,0.49733453160386343,0.49900001287460327,1,0.006000000052154064,0.2912735300620854,0.6017086329658871,0.7025000154972076,1,0.007000000216066837,0.30055633342879845,VY,500,V_31
0.6403742015390332,0.6759999990463257,0.996999979019165,0.061000000685453415,0.22650878963954116,0.5378825023584781,0.6000000238418579,0.9449999928474426,0.017000000923871994,0.2538190570204128,0.6299323105654117,0.7289999723434448,0.9800000190734863,0.017999999225139618,0.27156551720697963,VY,500,V_32
0.6743317844664685,0.7444999814033508,1,0.04899999871850014,0.30525106793267087,0.7762397766168676,0.8169999718666077,1,0.21400000154972076,0.1949496023689164,0.8830278817162638,0.9150000214576721,1,0.4480000138282776,0.11052606979738712,VY,500,V_33
0.5843551830593042,0.5920000076293945,1,0.04800000041723251,0.29313514724447753,0.7080228648534636,0.7170000076293945,1,0.12200000137090683,0.18223959757742114,0.8330838413363914,0.8679999709129333,1,0.1420000046491623,0.13494096110105058,VY,500,V_34
0.61057264259688,0.6480000019073486,1,0.032999999821186066,0.24099619298354505,0.6507731523925,0.6650000214576721,0.9990000128746033,0.30000001192092896,0.13399088880372173,0.7682302467328771,0.7889999747276306,1,0.36399999260902405,0.1167494283106326,VY,500,V_35
0.42563986378307384,0.35100001096725464,1,0.07400000095367432,0.25481911111914074,0.6798289921282372,0.7110000252723694,0.9769999980926514,0.2160000056028366,0.17527990915359648,0.8212593444881461,0.8389999866485596,0.9950000047683716,0.382999986410141,0.10978385080907448,VY,500,V_36
0.4430240480927284,0.3440000116825104,1,0.0729999989271164,0.2857659109612852,0.6967715438537464,0.7730000019073486,1,0.06800000369548798,0.22678224938492378,0.7971422843679875,0.8809999823570251,1,0.14100000262260437,0.19927742378681426,VY,500,V_37
0.46471794890044454,0.4090000092983246,1,0.050999999046325684,0.2763485361036393,0.5988473195608679,0.5709999799728394,0.972000002861023,0.1340000033378601,0.1624218367581534,0.7332587415452326,0.7434999942779541,0.9819999933242798,0.14399999380111694,0.1583850700805621,VY,500,V_38
0.20027729262105762,0.16849999874830246,0.8859999775886536,0.06800000369548798,0.10767935802709178,0.7300938867585628,0.7629999816417694,0.949999988079071,0.23000000417232513,0.14617675352240408,0.8836572049226302,0.9124999940395355,0.9909999966621399,0.4659999907016754,0.09126973572704432,VY,500,V_39
0.7206114465258566,0.7730000019073486,1,0.1120000034570694,0.1997169406516675,0.6928945789225849,0.7175000011920929,1,0.2720000147819519,0.1370831492798952,0.8197168672390013,0.8389999866485596,1,0.4790000021457672,0.09669044303969121,VY,500,V_4
0.48336179493542347,0.41499999165534973,1,0.03400000184774399,0.28007193119587315,0.7376628072579242,0.7549999952316284,1,0.26499998569488525,0.14163922643529933,0.8623285099497408,0.8790000081062317,1,0.4779999852180481,0.08695648150902799,VY,500,V_40
0.6045417413920969,0.5720000267028809,1,0.041999999433755875,0.3331383380211812,0.7599255254229268,0.781000018119812,1,0.12800000607967377,0.19729453665385993,0.8710990991678323,0.9010000228881836,1,0.3160000145435333,0.12401599439244408,VY,500,V_41
0.6165307089217066,0.6899999976158142,1,0.052000001072883606,0.3510658989016609,0.690562204438753,0.7689999938011169,1,0.017000000923871994,0.2969687400784943,0.7776535442964299,0.8949999809265137,1,0.023000000044703484,0.27706917550498134,VY,500,V_42
0.43716631821555446,0.32750000059604645,1,0.03099999949336052,0.3196663817750573,0.6792029287923268,0.7064999938011169,1,0.024000000208616257,0.23423067057015814,0.8210282426046901,0.8849999904632568,1,0.06400000303983688,0.19450683034684824,VY,500,V_43
0.711463250837773,0.7509999871253967,1,0.11800000071525574,0.20997110332161134,0.7357626443506493,0.7549999952316284,1,0.2280000001192093,0.15446750326608935,0.858489548565163,0.8790000081062317,1,0.460999995470047,0.0949645660380992,VY,500,V_5
0.8334822044649025,0.8769999742507935,1,0.210999995470047,0.17301088803582482,0.7831756599871902,0.8040000200271606,1,0.37299999594688416,0.15938004261298017,0.853270953989467,0.8949999809265137,1,0.45500001311302185,0.13844911172367005,VY,500,V_6
0.8904878768651123,0.9739999771118164,1,0.13899999856948853,0.1586769933343447,0.8295723736548932,0.8840000033378601,1,0.2720000147819519,0.17524567882772443,0.8858714179463635,0.9290000200271606,1,0.28700000047683716,0.13017777645124215,VY,500,V_7
0.7021597939053762,0.7319999933242798,1,0.12600000202655792,0.20161458745702518,0.6082907215509679,0.6439999938011169,1,0.008999999612569809,0.23189207809809936,0.707034019632361,0.7705000042915344,1,0.008999999612569809,0.2278200771172621,VY,500,V_8
0.5234324584983876,0.47699999809265137,1,0.10899999737739563,0.24109428021887114,0.6039970849067755,0.6269999742507935,0.9440000057220459,0.10999999940395355,0.2058855858242981,0.7501690969001448,0.7519999742507935,0.9850000143051147,0.30799999833106995,0.14965109388709885,VY,500,V_9
0.615170690107907,0.6650000214576721,1,0.0010000000474974513,0.28709328050237143,0.6980410368047539,0.7260000109672546,1,0,0.19293049705865462,0.8280530509023817,0.859000027179718,1,0,0.13335770295515734,VY,Catchment,V_1
0.4644029777237224,0.32899999618530273,1,0.0010000000474974513,0.3135999706932412,0.7667388582895166,0.8119999766349792,1,0,0.18754501627157688,0.8979069813298555,0.9309999942779541,1,0,0.10243227074123776,VY,Catchment,V_10
0.4762548392488632,0.33949999511241913,1,0.0010000000474974513,0.3197285636216615,0.7633256065420079,0.7990000247955322,1,0.014000000432133675,0.18923462783592504,0.8982704624098317,0.9319999814033508,1,0.04500000178813934,0.10516437217911129,VY,Catchment,V_11
0.41621863754881827,0.3179999887943268,1,0.0560000017285347,0.264278909785199,0.7468921753293953,0.7950000166893005,1,0.164000004529953,0.18049173883963843,0.8938241750265452,0.921999990940094,1,0.2549999952316284,0.09069515473229825,VY,Catchment,V_12
0.5152664539119388,0.48100000619888306,1,0.05000000074505806,0.24785012925841063,0.6448781929200256,0.6710000038146973,1,0.10000000149011612,0.19125167884931338,0.8093982484330714,0.8370000123977661,1,0.23399999737739563,0.1266548420947138,VY,Catchment,V_13
0.4926681964384319,0.4650000035762787,1,0.039000000804662704,0.2641715840304427,0.6158121571638717,0.6370000243186951,1,0.0820000022649765,0.19759272843168516,0.7811106012217292,0.8199999928474426,1,0.19900000095367432,0.14395825936543272,VY,Catchment,V_14
0.5667882464617553,0.574999988079071,1,0.035999998450279236,0.260785762791919,0.5738284420524231,0.5659999847412109,1,0.0729999989271164,0.19291312492563176,0.7634932685348824,0.7820000052452087,1,0.20100000500679016,0.1294709809903293,VY,Catchment,V_15
0.36503995875928374,0.2590000033378601,1,0.04699999839067459,0.2591477496921385,0.749329457598325,0.8019999861717224,1,0.09099999815225601,0.17912875910302822,0.8876684081020169,0.9240000247955322,1,0.2529999911785126,0.10544347234362851,VY,Catchment,V_16
0.5025203359877521,0.4560000002384186,1,0.039000000804662704,0.27515585640081347,0.6600430226817987,0.6869999766349792,1,0.06800000369548798,0.20304271730374301,0.8155183280806557,0.8500000238418579,1,0.14100000262260437,0.13700149102290127,VY,Catchment,V_17
0.5499078306044857,0.5569999814033508,1,0.035999998450279236,0.2656340467324771,0.6062054681204396,0.6150000095367432,1,0.0729999989271164,0.19614031436905657,0.7802798359692582,0.8040000200271606,1,0.1120000034570694,0.1315472877822696,VY,Catchment,V_18
0.8145394341969633,0.8460000157356262,1,0.09000000357627869,0.14836220509733472,0.7090252056273642,0.7319999933242798,1,0.020999999716877937,0.1823109875752162,0.8163112494780336,0.8399999737739563,1,0.020999999716877937,0.12805905951818425,VY,Catchment,V_19
0.8082104225602188,0.8450000286102295,1,0.10599999874830246,0.1590317376742207,0.7161402242463981,0.7429999709129333,1,0.03200000151991844,0.17220862978282347,0.8160920546130604,0.8370000123977661,1,0.032999999821186066,0.12226518090662748,VY,Catchment,V_2
0.8058848753795156,0.8539999723434448,1,0.061000000685453415,0.17553169518617806,0.7286952376585923,0.7570000290870667,1,0.06300000101327896,0.1768962405986217,0.8316646150168888,0.859000027179718,1,0.07500000298023224,0.12226983660806268,VY,Catchment,V_20
0.7630712958893318,0.8130000233650208,1,0.004999999888241291,0.1999349195525296,0.6819687821164585,0.7020000219345093,1,0.020999999716877937,0.19336637918552935,0.8070755424222709,0.8289999961853027,1,0.020999999716877937,0.1309093172749569,VY,Catchment,V_21
0.7955388124423414,0.8209999799728394,1,0.10300000011920929,0.14456526672625097,0.7048840427459666,0.7149999737739563,1,0.164000004529953,0.16167259674506726,0.8301288787952326,0.8429999947547913,1,0.20499999821186066,0.10170126444112006,VY,Catchment,V_22
0.7496406341917142,0.7870000004768372,1,0.08699999749660492,0.18699613922521613,0.7251499719774412,0.7459999918937683,1,0.2280000001192093,0.156850162083106,0.842315081993975,0.8600000143051147,1,0.4309999942779541,0.09961432423234585,VY,Catchment,V_23
0.7593483098161461,0.8069999814033508,1,0.05900000035762787,0.19156600397351722,0.6495753299960865,0.6520000100135803,1,0.1979999989271164,0.1575937849667744,0.7757376337889198,0.7839999794960022,1,0.35499998927116394,0.11106762382237648,VY,Catchment,V_24
0.7875457955145619,0.8225000202655792,1,0.07999999821186066,0.1647242631321823,0.6781498225066815,0.6869999766349792,1,0.1459999978542328,0.16089839419800012,0.8002149624653687,0.8100000023841858,1,0.2630000114440918,0.10345127343059929,VY,Catchment,V_25
0.6627930240665835,0.7099999785423279,1,0.050999999046325684,0.281674594472703,0.7689482445302451,0.7929999828338623,1,0.12099999934434891,0.167215488280071,0.8724946615623578,0.8939999938011169,1,0.23199999332427979,0.10281357834962593,VY,Catchment,V_26
0.7106305293270293,0.7580000162124634,1,0.05999999865889549,0.21690006441197304,0.5976551260724864,0.5960000157356262,1,0.0430000014603138,0.19294067554472666,0.750651612234698,0.7689999938011169,1,0.04800000041723251,0.14164490593390847,VY,Catchment,V_27
0.7533826936709261,0.7919999957084656,1,0.05900000035762787,0.18647130053778338,0.6807963029153868,0.6940000057220459,1,0.027000000700354576,0.17328704194631372,0.8116545598234155,0.8289999961853027,1,0.029999999329447746,0.115352361466667,VY,Catchment,V_28
0.668497980737897,0.7110000252723694,1,0.04800000041723251,0.24051078336675122,0.6668933762809759,0.6840000152587891,1,0.017000000923871994,0.1845581732960927,0.8099482700814197,0.8370000123977661,1,0.017999999225139618,0.1318969745685313,VY,Catchment,V_29
0.7092602434664084,0.7630000114440918,1,0.0689999982714653,0.2314714596852375,0.7407796121199403,0.7760000228881836,1,0.07500000298023224,0.1577419340573513,0.8439225228413151,0.871999979019165,1,0.07800000160932541,0.11071208463384888,VY,Catchment,V_3
0.6807802142690679,0.7480000257492065,1,0.023000000044703484,0.2592642677967849,0.7519333090130723,0.7889999747276306,1,0.06599999964237213,0.16097245794388826,0.8515793790492027,0.8840000033378601,1,0.07800000160932541,0.1169667836996434,VY,Catchment,V_30
0.7093813675524412,0.8119999766349792,1,0.02500000037252903,0.27958781985219194,0.770189342461027,0.8140000104904175,1,0.10400000214576721,0.16497515534051221,0.8376390746777164,0.878000020980835,1,0.18299999833106995,0.1375306140299658,VY,Catchment,V_31
0.7096257665111414,0.7850000262260437,1,0.023000000044703484,0.2553335758160869,0.7432787649868465,0.7789999842643738,1,0.06599999964237213,0.16831051196664584,0.8375282141591116,0.8730000257492065,1,0.07800000160932541,0.1272575511823813,VY,Catchment,V_32
0.687256369128637,0.7149999737739563,1,0.06800000369548798,0.2152139763417356,0.7125400022502971,0.7540000081062317,1,0.028999999165534973,0.1825553563965823,0.820216320192059,0.8479999899864197,1,0.0430000014603138,0.12652973825952935,VY,Catchment,V_33
0.7649468123514843,0.843999981880188,1,0.026000000536441803,0.22631369776247548,0.7591940238419828,0.7990000247955322,1,0.10999999940395355,0.1504645289596046,0.8518936699846665,0.8799999952316284,1,0.12800000607967377,0.10549682212089531,VY,Catchment,V_34
0.7089458918163518,0.7730000019073486,1,0.05000000074505806,0.23638477977211847,0.7175672310137021,0.75450000166893,1,0.11999999731779099,0.16243839458159165,0.8304858311285261,0.8569999933242798,1,0.12700000405311584,0.10806498281346753,VY,Catchment,V_35
0.7335982818073318,0.7990000247955322,1,0.026000000536441803,0.22736854522652225,0.7348342767293603,0.7770000100135803,1,0.028999999165534973,0.16641194727394243,0.8370994708530864,0.8650000095367432,1,0.0430000014603138,0.11268178032857212,VY,Catchment,V_36
0.7276635559876647,0.7950000166893005,1,0.054999999701976776,0.23903967930916095,0.6996992758895575,0.7519999742507935,1,0.008999999612569809,0.18809585661920067,0.8129461785021657,0.8360000252723694,1,0.008999999612569809,0.12471838508895046,VY,Catchment,V_37
0.6170540233067382,0.6430000066757202,1,0.04600000008940697,0.25539301339829035,0.7039624786827592,0.753000020980835,1,0.004999999888241291,0.19325176014350892,0.8283849154014034,0.8629999756813049,1,0.006000000052154064,0.13358738599418313,VY,Catchment,V_38
0.5448557053323175,0.5080000162124634,1,0.032999999821186066,0.2731385512995932,0.6526342991151308,0.6589999794960022,1,0.13300000131130219,0.19368120757763746,0.82240663724182,0.8450000286102295,1,0.1770000010728836,0.12526449455635327,VY,Catchment,V_39
0.665814403196506,0.7080000042915344,1,0.04600000008940697,0.24892943467584494,0.6952853069639345,0.746999979019165,1,0.004999999888241291,0.19611386982556728,0.8120437410076943,0.8450000286102295,1,0.006000000052154064,0.14091060670533861,VY,Catchment,V_4
0.5057728950182361,0.4020000100135803,1,0.027000000700354576,0.3243191999200314,0.8146817364903368,0.8679999709129333,1,0.07599999755620956,0.1662982686549537,0.922939719503302,0.9580000042915344,1,0.20100000500679016,0.09264600915109605,VY,Catchment,V_40
0.6074174915259186,0.6579999923706055,1,0.032999999821186066,0.25847975654368377,0.69699474175435,0.7289999723434448,1,0.10499999672174454,0.15673430852320172,0.82791057085642,0.8560000061988831,1,0.15000000596046448,0.11132245042860087,VY,Catchment,V_41
0.6941693965811312,0.75,1,0.019999999552965164,0.2372223909381992,0.6827226172347393,0.7049999833106995,1,0,0.18172361558498273,0.8083789249947533,0.8370000123977661,1,0,0.13297362334527363,VY,Catchment,V_42
0.41085052354301527,0.3100000023841858,1,0.04899999871850014,0.2780333528070543,0.6933671198461655,0.7099999785423279,1,0.12700000405311584,0.19444623174984246,0.854975941611919,0.8859999775886536,1,0.26499998569488525,0.11739739845040006,VY,Catchment,V_43
0.6648453962334611,0.7239999771118164,1,0.019999999552965164,0.25846817693025737,0.6932671364061761,0.7200000286102295,1,0,0.18362044404693037,0.8182441047451845,0.847000002861023,1,0,0.13076439264689915,VY,Catchment,V_5
0.6458501691387569,0.7129999995231628,1,0.050999999046325684,0.310078324258926,0.7798947145828576,0.8230000138282776,1,0.029999999329447746,0.17496633496952196,0.8631610968174679,0.9049999713897705,1,0.03200000151991844,0.12981361686946735,VY,Catchment,V_6
0.6516807986236177,0.7120000123977661,1,0.010999999940395355,0.2694705125587565,0.6998515302570864,0.7279999852180481,1,0,0.1849013027094432,0.8233357282461639,0.8529999852180481,1,0,0.13153851580756734,VY,Catchment,V_7
0.6154310744208638,0.6650000214576721,1,0.004999999888241291,0.28032831406197156,0.6696011814463775,0.6940000057220459,1,0.020999999716877937,0.19840355249081906,0.8112339615849934,0.8399999737739563,1,0.020999999716877937,0.13504142850434298,VY,Catchment,V_8
0.7672304613181498,0.843999981880188,1,0.04500000178813934,0.23079909314670266,0.720099912584387,0.7310000061988831,1,0.18299999833106995,0.1794203954246455,0.809701888400554,0.8410000205039978,1,0.32100000977516174,0.13884149830849804,VY,Catchment,V_9
0.77450052938747,0.8100000023841858,1,0.14100000262260437,0.17535499776245336,0.6647953345565756,0.6790000200271606,1,0.1899999976158142,0.16325540266083735,0.7758706262925776,0.7860000133514404,1,0.2630000114440918,0.11250371033597295,VY,Stream,V_1
0.6300152054976661,0.6610000133514404,1,0.04800000041723251,0.2455463024249,0.6301055456248202,0.6639999747276306,1,0.09799999743700027,0.18313314176673112,0.7728678762966064,0.7990000247955322,1,0.20900000631809235,0.12743999176651524,VY,Stream,V_10
0.8096630927712181,0.8610000014305115,1,0.07199999690055847,0.18929937203988445,0.7467500867723467,0.7770000100135803,1,0.02199999988079071,0.1839256711018772,0.8403374718137979,0.8690000176429749,1,0.024000000208616257,0.12998984007776765,VY,Stream,V_11
0.7519565215912107,0.8040000200271606,1,0.0689999982714653,0.1987715219104173,0.779723009599612,0.8069999814033508,1,0.22599999606609344,0.12082402816126775,0.8606438687154009,0.8870000243186951,1,0.3619999885559082,0.09518410758162515,VY,Stream,V_12
0.7470431674668423,0.8130000233650208,1,0.05999999865889549,0.21140896481496602,0.592782309275886,0.5925000011920929,1,0.05999999865889549,0.19372332373733037,0.7107187500835191,0.7279999852180481,1,0.0860000029206276,0.15918930161003844,VY,Stream,V_13
0.41920220749845505,0.3230000138282776,1,0.0560000017285347,0.27401595634458964,0.7086113519529024,0.7070000171661377,1,0.18000000715255737,0.17835396421134528,0.8733066614096119,0.8899999856948853,1,0.4000000059604645,0.09508194499417771,VY,Stream,V_14
0.7715715738191669,0.8159999847412109,1,0.0729999989271164,0.186061424331164,0.6982950197022226,0.7139999866485596,1,0.027000000700354576,0.16898396026139537,0.808399203796979,0.8339999914169312,1,0.029999999329447746,0.13103147799698076,VY,Stream,V_15
0.7403177559285624,0.7910000085830688,1,0.06700000166893005,0.21381849373069745,0.758807377768021,0.7860000133514404,1,0.17800000309944153,0.14688186486003943,0.8518462816445291,0.8799999952316284,1,0.32100000977516174,0.10696726060134135,VY,Stream,V_16
0.6205677163751349,0.6460000276565552,1,0.050999999046325684,0.22930319654232348,0.6711634179191236,0.7319999933242798,1,0.004999999888241291,0.2023657919134531,0.7847516243371634,0.8289999961853027,1,0.006000000052154064,0.16158536924434608,VY,Stream,V_17
0.5327653632962337,0.5249999761581421,1,0.07100000232458115,0.21663189662739601,0.6425652937266414,0.6840000152587891,0.9980000257492065,0.1080000028014183,0.18562282063962954,0.7974109640813241,0.8240000009536743,0.9980000257492065,0.23399999737739563,0.13271592323738463,VY,Stream,V_18
0.7951031390644376,0.8560000061988831,1,0.0689999982714653,0.2190721905364531,0.7805347537847378,0.7870000004768372,1,0.3190000057220459,0.17851936243106556,0.8615515709190625,0.8840000033378601,1,0.4970000088214874,0.12745771316310614,VY,Stream,V_19
0.7988378113772852,0.8299999833106995,1,0.10300000011920929,0.15374744045794597,0.7303220838952814,0.7450000047683716,1,0.23199999332427979,0.14707984669950813,0.8411634995029607,0.8629999756813049,1,0.4050000011920929,0.10333948874676063,VY,Stream,V_2
0.7670971757131452,0.8209999799728394,1,0.06700000166893005,0.21141458382163814,0.768248720449993,0.7940000295639038,1,0.17800000309944153,0.15440441277530942,0.8533905561950916,0.8820000290870667,1,0.32100000977516174,0.11375367328969929,VY,Stream,V_20
0.7149523075870596,0.7429999709129333,1,0.06800000369548798,0.18915943963761234,0.7297403845792779,0.7775000035762787,1,0.028999999165534973,0.17102934394903754,0.8072407699476641,0.8489999771118164,1,0.0430000014603138,0.15136209475503806,VY,Stream,V_21
0.8195860126082729,0.8610000014305115,1,0.11699999868869781,0.16254363306103853,0.776045015578868,0.8125,1,0.35899999737739563,0.14874387856724247,0.846121382171893,0.87950000166893,1,0.43700000643730164,0.11609699463716337,VY,Stream,V_22
0.8552559621239173,0.8870000243186951,1,0.1679999977350235,0.11666864833316178,0.7972126306855202,0.8299999833106995,0.9779999852180481,0.10999999940395355,0.11764471217883266,0.860279475852752,0.890999972820282,0.9879999756813049,0.12800000607967377,0.10098131356768071,VY,Stream,V_23
0.44583567808401603,0.30399999022483826,1,0.04800000041723251,0.32178947350805837,0.7557436694560355,0.7710000276565552,1,0.10300000011920929,0.18160354840226395,0.8975277156073791,0.9224999845027924,1,0.26100000739097595,0.09627734626331917,VY,Stream,V_24
0.5198499001736558,0.5170000195503235,1,0.07800000160932541,0.2373325361672417,0.6846310880837876,0.6919999718666077,1,0.2809999883174896,0.11525357449761121,0.838715810788481,0.8529999852180481,1,0.45500001311302185,0.08539011628318534,VY,Stream,V_25
0.6927202958285368,0.7229999899864197,1,0.05400000140070915,0.22902774010527557,0.6743786245957228,0.7039999961853027,1,0.13300000131130219,0.18508950572800087,0.7666719725875437,0.7799999713897705,1,0.1770000010728836,0.13670033979100862,VY,Stream,V_26
0.7365412288782741,0.7870000004768372,1,0.06499999761581421,0.20393055489211312,0.7107844636584307,0.7540000081062317,0.9980000257492065,0.11999999731779099,0.1641656929202444,0.8159576568756085,0.8460000157356262,0.9980000257492065,0.12700000405311584,0.1185515731971426,VY,Stream,V_27
0.4418656264434718,0.29899999499320984,1,0.03500000014901161,0.3183690205099051,0.7610213870457101,0.7889999747276306,1,0.10300000011920929,0.1819247616329077,0.8952904703602024,0.9240000247955322,1,0.26100000739097595,0.10088305803082136,VY,Stream,V_28
0.5910323064161669,0.621999979019165,1,0.04800000041723251,0.2598041569880586,0.6507832113755687,0.6899999976158142,1,0.09700000286102295,0.1831177793523325,0.7845826639269087,0.8130000233650208,1,0.1120000034570694,0.13141738289931282,VY,Stream,V_29
0.7800511763666791,0.8389999866485596,1,0.07199999690055847,0.20389203062913927,0.7330062028726394,0.7649999856948853,1,0.1720000058412552,0.16181259198504097,0.8358038253148232,0.8640000224113464,1,0.18199999630451202,0.11506796475361052,VY,Stream,V_3
0.7750704212150328,0.8230000138282776,1,0.06199999898672104,0.1860664681821179,0.7538312772774501,0.7960000038146973,1,0.028999999165534973,0.1558007184010013,0.8350582439422565,0.8690000176429749,1,0.0430000014603138,0.1226251340516633,VY,Stream,V_30
0.663106183258485,0.699999988079071,1,0.050999999046325684,0.22630461001546054,0.6643031133025036,0.7250000238418579,1,0.004999999888241291,0.21051337059721292,0.7709489045899296,0.8190000057220459,1,0.006000000052154064,0.17918061249531353,VY,Stream,V_31
0.7206941351692255,0.7609999775886536,1,0.061000000685453415,0.20011185081704938,0.6884697744925331,0.7310000061988831,0.9990000128746033,0.017000000923871994,0.18128030172998777,0.789218947285212,0.8370000123977661,0.9990000128746033,0.017999999225139618,0.1614674554893871,VY,Stream,V_32
0.5809210210334247,0.5540000200271606,1,0.04899999871850014,0.32443393271806564,0.7989720777301232,0.8560000061988831,1,0.13699999451637268,0.1865734778384613,0.8975065819618946,0.9440000057220459,1,0.26499998569488525,0.11527328015073895,VY,Stream,V_33
0.7339727858998937,0.7889999747276306,1,0.019999999552965164,0.2224550410224109,0.7049117499275348,0.734000027179718,1,0.017000000923871994,0.1818412629143277,0.8062022958053632,0.8420000076293945,1,0.017999999225139618,0.14471997098040498,VY,Stream,V_34
0.6327026841696672,0.6890000104904175,1,0.032999999821186066,0.24618828826711142,0.6777295256688606,0.7139999866485596,0.9990000128746033,0.1120000034570694,0.16536239662203855,0.7975240195261062,0.8259999752044678,1,0.15399999916553497,0.12269844477764504,VY,Stream,V_35
0.4427446810896636,0.33899998664855957,1,0.04899999871850014,0.2887648555577996,0.682697264302103,0.7149999737739563,1,0.12700000405311584,0.20331251486155075,0.8303033441576915,0.8539999723434448,1,0.38199999928474426,0.1251867161644864,VY,Stream,V_36
0.5247705971510245,0.5,1,0.04800000041723251,0.2704049548299926,0.6454343997193284,0.671999990940094,1,0.06800000369548798,0.20497768761470953,0.79513452238073,0.828000009059906,1,0.14100000262260437,0.14653633835284074,VY,Stream,V_37
0.5611037331105483,0.597000002861023,1,0.050999999046325684,0.2809314705122318,0.6489042228491319,0.6489999890327454,1,0.13199999928474426,0.16892804775656886,0.7706768670172922,0.8069999814033508,1,0.14399999380111694,0.14849286432177086,VY,Stream,V_38
0.3130175277773921,0.23000000417232513,1,0.04699999839067459,0.21940763386862422,0.7118115182614071,0.7599999904632568,1,0.09099999815225601,0.19008613262555818,0.8684937400574189,0.9110000133514404,1,0.2750000059604645,0.11723502865494775,VY,Stream,V_39
0.7757733796760056,0.8339999914169312,1,0.1120000034570694,0.18608105578608777,0.6749305802039969,0.6930000185966492,1,0.1979999989271164,0.14237541261206266,0.7831325296759264,0.8009999990463257,1,0.44999998807907104,0.10856696293169776,VY,Stream,V_4
0.6125389009910113,0.6629999876022339,1,0.03400000184774399,0.2870159968938791,0.684582712731917,0.7160000205039978,1,0.02199999988079071,0.1958053788734192,0.8117436872022167,0.843999981880188,1,0.024000000208616257,0.14150002144346338,VY,Stream,V_40
0.6980772761635976,0.7580000162124634,1,0.019999999552965164,0.24625929078373035,0.7068557102546068,0.7419999837875366,1,0.004999999888241291,0.1876250522536132,0.8108376372459265,0.8460000157356262,1,0.006000000052154064,0.14595478504823903,VY,Stream,V_41
0.6937868382027284,0.7559999823570251,1,0.019999999552965164,0.253257145640905,0.7091961447697372,0.7429999709129333,1,0.004999999888241291,0.1898397447408499,0.8129036434967731,0.8479999899864197,1,0.006000000052154064,0.1476911472956536,VY,Stream,V_42
0.6390721868087508,0.7020000219345093,1,0.004999999888241291,0.2840839275009053,0.7059798386278321,0.7369999885559082,1,0.004999999888241291,0.192691559146145,0.8208043906227541,0.8550000190734863,1,0.006000000052154064,0.14412690650547486,VY,Stream,V_43
0.738726971332463,0.7749999761581421,1,0.11800000071525574,0.191879405414369,0.7073979261072345,0.7239999771118164,1,0.2280000001192093,0.15602449977118404,0.8287850623185209,0.8489999771118164,1,0.44200000166893005,0.10707545654249351,VY,Stream,V_5
0.8336769230715878,0.8619999885559082,1,0.210999995470047,0.14297845072091722,0.7502340319203886,0.7749999761581421,1,0.20200000703334808,0.15846621517789503,0.8271673661289793,0.8579999804496765,1,0.2370000034570694,0.12988099312605653,VY,Stream,V_6
0.8376189720181059,0.8809999823570251,1,0.09000000357627869,0.15607069263482648,0.770913200016689,0.8090000152587891,1,0.16899999976158142,0.17669721560372445,0.8623957105106427,0.8889999985694885,1,0.28700000047683716,0.11362708920042837,VY,Stream,V_7
0.7305376442737167,0.7749999761581421,1,0.054999999701976776,0.20457765700347516,0.6844971946924309,0.7440000176429749,1,0.008999999612569809,0.19798484814782363,0.7852539119596921,0.824999988079071,1,0.008999999612569809,0.16951884218084168,VY,Stream,V_8
0.5528636507594022,0.5630000233650208,1,0.04800000041723251,0.25801490319994175,0.5928210633797353,0.6019999980926514,0.9760000109672546,0.0989999994635582,0.20469306456087344,0.7337309344594491,0.7509999871253967,0.9890000224113464,0.19900000095367432,0.15707573923723103,VY,Stream,V_9
