Count,Max_cover,Min_cover,Avg_cover,Med_cover,Std_cover,Max_shrub,Min_shrub,Avg_shrub,Med_shrub,Std_shrub,Max_understory,Min_understory,Avg_understory,Med_understory,Std_understory,LocCode,River,Class
56,0.953000009059906,0.0729999989271164,0.5018750031345657,0.47200000286102295,0.2264553814417656,0.8960000276565552,0.11500000208616257,0.45976785716733765,0.4580000042915344,0.20756878600798745,0.9340000152587891,0.27799999713897705,0.6349821420652526,0.6774999797344208,0.1693741944097669,GO_1,GO,100
38,0.9750000238418579,0.017000000923871994,0.16342105358642967,0.079500000923872,0.20381836979672513,1,0.5879999995231628,0.8404473725118136,0.8655000030994415,0.12816052111895254,1,0.7049999833106995,0.9221052652911136,0.9590000212192535,0.08720209453812705,GO_10,GO,100
47,0.6489999890327454,0.03400000184774399,0.33712765931131994,0.3499999940395355,0.16984694030849362,0.7639999985694885,0.2240000069141388,0.4305744672075231,0.4269999861717224,0.11218593346514011,0.8880000114440918,0.4490000009536743,0.6184042540002377,0.6029999852180481,0.10013679056432627,GO_11,GO,100
57,0.6549999713897705,0.08399999886751175,0.3256315782404782,0.31200000643730164,0.14934220248696797,0.7139999866485596,0.1459999978542328,0.36247368392191437,0.3199999928474426,0.12506242687193922,0.9049999713897705,0.4269999861717224,0.6714385946591696,0.6710000038146973,0.1062697029954073,GO_12,GO,100
79,0.6100000143051147,0.02800000086426735,0.23564556995524635,0.1979999989271164,0.16335222485075468,0.9660000205039978,0.10300000011920929,0.5079240510358086,0.4699999988079071,0.21796211171278226,1,0.22200000286102295,0.6746202492261235,0.6359999775886536,0.1962673018662131,GO_13,GO,100
70,0.9789999723434448,0.057999998331069946,0.5320285743368524,0.534500002861023,0.2844207440292105,0.8420000076293945,0.34599998593330383,0.6210428574255534,0.6289999783039093,0.0952357038537317,0.9649999737739563,0.4790000021457672,0.7406285741499492,0.7440000176429749,0.13005229157322074,GO_14,GO,100
47,0.4620000123977661,0.014999999664723873,0.09704255318625811,0.08799999952316284,0.07993066643086667,0.984000027179718,0.46000000834465027,0.7962553171401329,0.8240000009536743,0.13921245383317848,1,0.5590000152587891,0.9058510610397826,0.953000009059906,0.11013094005612772,GO_15,GO,100
41,0.45899999141693115,0.02500000037252903,0.12307317059759687,0.07999999821186066,0.10108669199155246,0.8949999809265137,0.08900000154972076,0.3601951215688775,0.31299999356269836,0.22608861252383766,0.9409999847412109,0.23800000548362732,0.6437317111143251,0.6330000162124634,0.14615437379355523,GO_16,GO,100
57,0.5609999895095825,0.023000000044703484,0.11591228022517865,0.09000000357627869,0.09719646345503355,0.8870000243186951,0.1889999955892563,0.5906491216860319,0.6169999837875366,0.19464184257048212,0.9789999723434448,0.6269999742507935,0.8508947387076261,0.8579999804496765,0.08579037763844836,GO_17,GO,100
62,0.9039999842643738,0.04699999839067459,0.18325806439163222,0.12150000035762787,0.16752322352195617,1,0.2980000078678131,0.6631451619248236,0.6769999861717224,0.20798493461958384,1,0.43299999833106995,0.8032903248263944,0.8355000019073486,0.16103144603614403,GO_18,GO,100
96,0.6230000257492065,0.04699999839067459,0.20101041606782624,0.15299999713897705,0.13560006932244048,0.8240000009536743,0.09600000083446503,0.48318749759346247,0.4934999942779541,0.1641754700449713,0.9729999899864197,0.31700000166893005,0.7102812497566143,0.7304999828338623,0.15243032246208343,GO_19,GO,100
69,0.7580000162124634,0.017999999225139618,0.15539130457825417,0.0989999994635582,0.13744734006861647,1,0.07999999821186066,0.5276231858609379,0.47099998593330383,0.3085811490943598,1,0.21299999952316284,0.6554057947967363,0.6349999904632568,0.24252697103542478,GO_2,GO,100
48,0.9980000257492065,0.20800000429153442,0.5629583345726132,0.5230000019073486,0.2272372438370851,0.8489999771118164,0.30399999022483826,0.5838124969353279,0.6085000038146973,0.13516021128356565,0.921999990940094,0.4180000126361847,0.7173958302785953,0.7210000157356262,0.12809799017235654,GO_20,GO,100
48,0.6779999732971191,0.07400000095367432,0.2996041633499165,0.27549999952316284,0.16871664612093829,0.8669999837875366,0.18199999630451202,0.4922708322604497,0.5115000009536743,0.18240400912182522,0.9729999899864197,0.3970000147819519,0.6958125022550424,0.6974999904632568,0.16324457973387954,GO_21,GO,100
94,0.9599999785423279,0.07000000029802322,0.5197340423597935,0.5294999778270721,0.21524320647052866,0.875,0.23800000548362732,0.5599042557655497,0.5674999952316284,0.13978632557093348,0.9679999947547913,0.30399999022483826,0.73796808878158,0.7515000104904175,0.13114445967112942,GO_22,GO,100
36,0.7160000205039978,0.06400000303983688,0.28961111191246247,0.2849999964237213,0.14681831062722708,0.8539999723434448,0.11900000274181366,0.515361117819945,0.5270000100135803,0.22563677034561305,0.9129999876022339,0.30399999022483826,0.6712222264872657,0.7010000050067902,0.17635161769235308,GO_23,GO,100
43,0.7630000114440918,0.03799999877810478,0.2572325576356677,0.2070000022649765,0.1750946472642063,0.9070000052452087,0.14100000262260437,0.493558139995087,0.4690000116825104,0.19645322954255698,0.972000002861023,0.36500000953674316,0.7089767400608507,0.7160000205039978,0.15756381626392285,GO_24,GO,100
75,0.9929999709129333,0.1340000033378601,0.8670800010363261,0.9359999895095825,0.16553057667376173,0.8690000176429749,0.16500000655651093,0.6414266687631607,0.6600000262260437,0.13811982570136916,0.8790000081062317,0.2619999945163727,0.6772799984614054,0.6990000009536743,0.12432461352557059,GO_25,GO,100
27,0.40400001406669617,0.06599999964237213,0.17774073972746177,0.14399999380111694,0.09339642149844822,0.9710000157356262,0.3330000042915344,0.7991851877283167,0.8220000267028809,0.13712600198707423,0.9879999756813049,0.5109999775886536,0.8818888840851961,0.9179999828338623,0.11259878836855204,GO_26,GO,100
112,0.8190000057220459,0.041999999433755875,0.3729107141760843,0.3695000112056732,0.20099372752418052,0.6930000185966492,0.06199999898672104,0.3457321422174573,0.33500000834465027,0.168704121000865,0.9049999713897705,0.18299999833106995,0.6055267839027303,0.62049999833107,0.1671049155180631,GO_27,GO,100
59,0.9490000009536743,0.05999999865889549,0.3262033908927845,0.1979999989271164,0.2700410424644155,0.9629999995231628,0.289000004529953,0.6467118652190192,0.6119999885559082,0.19472935080252488,0.9950000047683716,0.3440000116825104,0.7891864433126935,0.7950000166893005,0.16704856564608433,GO_28,GO,100
63,0.9629999995231628,0.07500000298023224,0.4746190471545098,0.5059999823570251,0.23522284662315018,0.9620000123977661,0.20000000298023224,0.5003174588320747,0.47999998927116394,0.20336165575447648,0.9710000157356262,0.29499998688697815,0.5906666649712456,0.5789999961853027,0.179298813963631,GO_29,GO,100
98,0.1469999998807907,0.017000000923871994,0.05605102081460004,0.05350000038743019,0.02207175405057644,1,0.33399999141693115,0.92759183748644225,0.9625000059604645,0.10969036565439613,1,0.7680000066757202,0.9776530606406075,0.9914999902248383,0.03982852427101242,GO_3,GO,100
66,0.5730000138282776,0.028999999165534973,0.13378787926877989,0.10950000211596489,0.09407975707288689,0.8289999961853027,0.07199999690055847,0.37565151342388353,0.33500000834465027,0.1972657306060777,0.9319999814033508,0.27799999713897705,0.657015147985834,0.6550000011920929,0.16343876544440183,GO_30,GO,100
64,0.9369999766349792,0.10300000011920929,0.3838750015711412,0.3160000145435333,0.2353654714144254,0.9679999947547913,0.08399999886751175,0.6865624993806705,0.7619999945163727,0.23732824376943254,0.9860000014305115,0.33399999141693115,0.8001874987967312,0.8734999895095825,0.17381032021091591,GO_31,GO,100
68,0.5120000243186951,0.04500000178813934,0.15922058916048093,0.13699999451637268,0.0952523526463185,0.9539999961853027,0.22300000488758087,0.6886764696854002,0.7019999921321869,0.1707920465938999,0.9769999980926514,0.49399998784065247,0.8761029396863544,0.8980000019073486,0.08270919123881781,GO_32,GO,100
92,0.9850000143051147,0.07599999755620956,0.6003695663226687,0.6379999816417694,0.2929977964150774,0.9380000233650208,0.15700000524520874,0.6672826069204704,0.6774999797344208,0.1599020518871851,0.9900000095367432,0.2590000033378601,0.7413043476965117,0.737500011920929,0.1434577530649115,GO_33,GO,100
88,0.9940000176429749,0.07800000160932541,0.37836363674564794,0.306999996304512,0.25138852073208046,0.9440000057220459,0.06800000369548798,0.39917045569216664,0.3660000115633011,0.2242096827046165,0.9490000009536743,0.23600000143051147,0.6539318202571436,0.6464999914169312,0.18064239037624988,GO_34,GO,100
98,0.984000027179718,0.4959999918937683,0.8463877555058927,0.8835000097751617,0.10596046858528611,0.9359999895095825,0.30000001192092896,0.6513367346963104,0.6435000002384186,0.13308078049125616,0.9570000171661377,0.42800000309944153,0.7290714288852653,0.7414999902248383,0.10799821049328695,GO_35,GO,100
76,0.972000002861023,0.024000000208616257,0.18682894657218926,0.12000000104308128,0.2009084949920994,0.9819999933242798,0.2919999957084656,0.6945394783427841,0.7210000157356262,0.1773561718677625,0.9929999709129333,0.40700000524520874,0.8434210572587816,0.87049999833107,0.12471570656809418,GO_36,GO,100
84,1,0.024000000208616257,0.3325714284243683,0.23650000244379044,0.27860034449541266,1,0.07699999958276749,0.6381190466206699,0.6855000257492065,0.2435674833225338,1,0.4449999928474426,0.8183809547197252,0.882500022649765,0.16977894126962484,GO_37,GO,100
89,1,0.02800000086426735,0.5156516860961244,0.47999998927116394,0.3530740693272184,1,0.2939999997615814,0.8012471922327963,0.8209999799728394,0.15846000504013413,1,0.5210000276565552,0.9055056190222837,0.9399999976158142,0.09760881257431853,GO_38,GO,100
87,0.8690000176429749,0.04600000008940697,0.22680459749595872,0.16699999570846558,0.1742482745123843,0.9380000233650208,0.5080000162124634,0.7972068964749918,0.8059999942779541,0.08433351787444042,0.9779999852180481,0.6919999718666077,0.8987816106313946,0.9100000262260437,0.05889099506832052,GO_39,GO,100
94,0.9890000224113464,0.15600000321865082,0.5923723362861796,0.625,0.2261317504523697,0.9480000138282776,0.39800000190734863,0.7100000032719146,0.7135000228881836,0.11237724631129098,0.9739999771118164,0.4830000102519989,0.7909042540382831,0.8090000152587891,0.10534388729794401,GO_4,GO,100
120,1,0.04399999976158142,0.4857666669103006,0.45000000298023224,0.3171308548707879,0.9919999837875366,0.2669999897480011,0.7108166659871737,0.7255000174045563,0.15310961432178682,1,0.4970000088214874,0.8179500006139279,0.823500007390976,0.11628925480404138,GO_40,GO,100
71,0.8569999933242798,0.05700000002980232,0.2443380285526665,0.1550000011920929,0.19308228770318436,0.9330000281333923,0.26100000739097595,0.6648591538550148,0.6470000147819519,0.16820355434489753,0.9819999933242798,0.41100001335144043,0.8601267572859643,0.8880000114440918,0.12370563282588395,GO_41,GO,100
89,0.859000027179718,0.02800000086426735,0.19044943957516317,0.15000000596046448,0.12585083491815946,0.9419999718666077,0.2770000100135803,0.6728876390483942,0.6869999766349792,0.16091269883988046,0.9810000061988831,0.5040000081062317,0.8422921366905898,0.8769999742507935,0.10446674255547149,GO_42,GO,100
45,1,0.06499999761581421,0.6816888877087169,0.8299999833106995,0.34236044451191516,0.9860000014305115,0.40799999237060547,0.8435555537541707,0.8989999890327454,0.14392399560191715,0.9940000176429749,0.5600000023841858,0.8734444472524855,0.9240000247955322,0.116492600525868,GO_43,GO,100
104,1,0.017000000923871994,0.3503846164183834,0.2370000034570694,0.3104615216377114,1,0.3400000035762787,0.744855770124839,0.7615000009536743,0.17071149792803283,1,0.6039999723434448,0.8827019224946315,0.9229999780654907,0.10972754285361876,GO_44,GO,100
34,0.9700000286102295,0.09300000220537186,0.45452941406299086,0.42650000751018524,0.24232550744930628,0.9419999718666077,0.257999986410141,0.5997352915651658,0.5900000035762787,0.1856540146593025,0.9879999756813049,0.41999998688697815,0.7721176401657217,0.7855000197887421,0.1498244965410708,GO_45,GO,100
97,0.9819999933242798,0.04699999839067459,0.22190721521211654,0.15199999511241913,0.18829476229728395,0.9850000143051147,0.4650000035762787,0.7010000019343858,0.7020000219345093,0.13048866284925723,0.996999979019165,0.7089999914169312,0.8826907191079917,0.8880000114440918,0.06394290396892977,GO_46,GO,100
100,0.9950000047683716,0.1080000028014183,0.4875299982726574,0.38199999928474426,0.2700919192853891,0.8999999761581421,0.23800000548362732,0.5607499982416629,0.5534999966621399,0.15253225116294425,0.9589999914169312,0.45100000500679016,0.7151899981498718,0.7310000061988831,0.12075559083876794,GO_47,GO,100
107,0.9980000257492065,0.125,0.5618224308312496,0.5550000071525574,0.26156927824516585,0.9660000205039978,0.14399999380111694,0.646280373507571,0.6949999928474426,0.2163871345930163,0.9779999852180481,0.30799999833106995,0.7612616801373312,0.8289999961853027,0.1778334671049913,GO_48,GO,100
68,0.8659999966621399,0.020999999716877937,0.3305441166055115,0.32199999690055847,0.23794163408204547,0.9909999966621399,0.21400000154972076,0.5785588216693962,0.5724999904632568,0.2089641380120744,0.996999979019165,0.3610000014305115,0.7006911731818143,0.6935000121593475,0.1813970042274982,GO_5,GO,100
16,0.4320000112056732,0.0989999994635582,0.22375000035390258,0.2199999988079071,0.10140973053301587,0.26100000739097595,0.07800000160932541,0.152687500230968,0.16449999809265137,0.05843825079990647,0.5519999861717224,0.3190000057220459,0.48068750090897083,0.5040000081062317,0.0645070730123939,GO_6,GO,100
28,0.6570000052452087,0.026000000536441803,0.23878571470933302,0.23499999940395355,0.16255081569314941,0.746999979019165,0.12600000202655792,0.26621428451367785,0.215999998152256,0.15215741122158694,0.8799999952316284,0.2630000114440918,0.5069642865232059,0.4350000023841858,0.19103082503484753,GO_7,GO,100
34,0.8289999961853027,0.03799999877810478,0.3016470588524552,0.22349999845027924,0.25568871935345255,0.8939999938011169,0.23600000143051147,0.5229705905213076,0.5205000042915344,0.17498320075454984,0.953000009059906,0.3109999895095825,0.6749411733711467,0.6794999837875366,0.1817925775982787,GO_8,GO,100
112,1,0.020999999716877937,0.3029285708741684,0.22549999505281448,0.2547165420179327,1,0.09600000083446503,0.39994642890191506,0.36000001430511475,0.20849779542593064,1,0.17800000309944153,0.6403839300785746,0.6130000054836273,0.1973982240812902,GO_9,GO,100
838,0.9850000143051147,0.029999999329447746,0.6303699292033591,0.671500027179718,0.2120680084670239,0.9729999899864197,0.11500000208616257,0.5828806678886772,0.5860000252723694,0.17327079770768053,0.9940000176429749,0.27799999713897705,0.7439964195282192,0.7599999904632568,0.1304868597573749,GO_1,GO,500
422,0.9750000238418579,0.017000000923871994,0.09409241730091272,0.08049999922513962,0.07566725285251094,1,0.2759999930858612,0.9379549752479481,0.9629999995231628,0.08879010062128438,1,0.6629999876022339,0.9769075832095756,0.9900000095367432,0.04616976375070485,GO_10,GO,500
809,0.9739999771118164,0.017999999225139618,0.2683461062789737,0.14100000262260437,0.2496616594680808,1,0.2070000022649765,0.668606921643645,0.6740000247955322,0.20162299636972897,1,0.29499998688697815,0.7937367120469898,0.8109999895095825,0.15317083865435974,GO_11,GO,500
1063,1,0.008999999612569809,0.2158447791264162,0.12999999523162842,0.20723988177101638,0.9850000143051147,0.04899999871850014,0.44299247400766817,0.38999998569488525,0.24399494452705897,1,0.1850000023841858,0.6407215420160222,0.6460000276565552,0.19985314081612307,GO_12,GO,500
1074,0.9909999966621399,0.007000000216066837,0.225725326152064,0.14649999886751175,0.20490841729968545,1,0.07800000160932541,0.5878659216704426,0.5754999816417694,0.2463263218045099,1,0.17299999296665192,0.7167355674882618,0.7314999997615814,0.20173600027743757,GO_13,GO,500
938,0.9789999723434448,0.006000000052154064,0.20625159947146007,0.1289999932050705,0.19879944595370022,1,0.08500000089406967,0.6821002140402921,0.7120000123977661,0.20405469543813043,1,0.2240000069141388,0.8078592759269133,0.8539999723434448,0.15987137693948134,GO_14,GO,500
674,0.871999979019165,0.014999999664723873,0.2308115733508297,0.16699999570846558,0.18681916033434967,0.9950000047683716,0.04500000178813934,0.5315044516095068,0.5210000276565552,0.23408154583966428,1,0.06499999761581421,0.6792344210409623,0.6790000200271606,0.20045211557501616,GO_15,GO,500
396,0.6380000114440918,0.00800000037997961,0.13586868682753933,0.10050000250339508,0.11982623702889868,0.8949999809265137,0.08100000023841858,0.3901868693417672,0.3595000058412552,0.18116653128368257,0.9860000014305115,0.23800000548362732,0.724825758073065,0.7345000207424164,0.12897835033471497,GO_16,GO,500
597,1,0.008999999612569809,0.29453098851800513,0.14900000393390656,0.2888521099308942,1,0.05299999937415123,0.5740686757068838,0.5770000219345093,0.24216778285551327,1,0.16699999570846558,0.8011356784370876,0.8410000205039978,0.15525596992622318,GO_17,GO,500
1114,0.968999981880188,0,0.2098318349156301,0.1379999965429306,0.1791414610437187,1,0,0.6092592260786052,0.6240000128746033,0.2771716434805896,1,0.19699999690055847,0.7750090095776695,0.8174999952316284,0.19790559325205265,GO_18,GO,500
1135,0.8519999980926514,0.008999999612569809,0.11272775340776087,0.07400000095367432,0.10758589901108831,1,0.09600000083446503,0.8548704846052346,0.9269999861717224,0.17013003077787056,1,0.31700000166893005,0.9198977960101308,0.968999981880188,0.11305707802422096,GO_19,GO,500
312,0.9670000076293945,0.017999999225139618,0.27571153911188817,0.15550000220537186,0.25320825118129575,1,0.07999999821186066,0.7376346157338375,0.7980000078678131,0.22713422528067284,1,0.21299999952316284,0.817663461734087,0.8650000095367432,0.18048852621000466,GO_2,GO,500
715,0.9980000257492065,0.00800000037997961,0.1955664338296527,0.12300000339746475,0.19325174671926215,0.9750000238418579,0.07400000095367432,0.5002559441786546,0.49799999594688416,0.20457151432421963,0.9879999756813049,0.24400000274181366,0.7436559438913852,0.7730000019073486,0.15048022630871205,GO_20,GO,500
323,0.9750000238418579,0,0.2372198133432413,0.16899999976158142,0.19740131006422465,1,0,0.6652229083903802,0.7039999961853027,0.2035236012197666,1,0.21899999678134918,0.789624223844235,0.8394999802112579,0.17307228759534674,GO_21,GO,500
1094,1,0.004999999888241291,0.36260603307839995,0.2680000066757202,0.2770176442473623,1,0.06800000369548798,0.5709945157143054,0.5730000138282776,0.19911980641543178,1,0.2930000126361847,0.7621928697802685,0.773499995470047,0.1424796099143219,GO_22,GO,500
1029,0.9729999899864197,0.00800000037997961,0.20082993189595183,0.1289999932050705,0.19400203389790616,1,0.11400000005960464,0.7160913508215265,0.7409999966621399,0.20486030932268404,1,0.19099999964237213,0.8256219612729561,0.8700000047683716,0.16388592048462036,GO_23,GO,500
67,0.7630000114440918,0.024000000208616257,0.21079104449321975,0.16699999570846558,0.15853931213837597,0.9580000042915344,0.14100000262260437,0.573537312336822,0.5640000104904175,0.20945291828540863,0.972000002861023,0.36500000953674316,0.7717462662440627,0.8140000104904175,0.1571568751903413,GO_24,GO,500
1315,0.996999979019165,0.03099999949336052,0.3432403043564055,0.20600000023841858,0.28569341802120424,0.9890000224113464,0.024000000208616257,0.6165885928494169,0.722000002861023,0.2923532303954044,0.996999979019165,0.11599999666213989,0.7438387825008581,0.8339999914169312,0.2312234479657058,GO_25,GO,500
598,1,0.017000000923871994,0.3632190637757696,0.25599999725818634,0.2724677553712647,0.9959999918937683,0.03799999877810478,0.5312943143963216,0.551499992609024,0.2396293008535552,0.9990000128746033,0.23999999463558197,0.7222625419098797,0.7379999756813049,0.1644370318756741,GO_26,GO,500
1088,0.953000009059906,0.014000000432133675,0.21401378672111177,0.1469999998807907,0.17954963775880523,0.9789999723434448,0.04100000113248825,0.40202757382683235,0.38850000500679016,0.21878026697603867,0.9959999918937683,0.11500000208616257,0.6633970577694366,0.6924999952316284,0.2050112753671873,GO_27,GO,500
718,0.9810000061988831,0.017000000923871994,0.34796657357728084,0.21849999576807022,0.2891831542560123,0.9779999852180481,0.12700000405311584,0.6554206136126373,0.671999990940094,0.18767111591561247,1,0.20600000023841858,0.7909651815808251,0.8294999897480011,0.15996932301250522,GO_28,GO,500
166,0.9819999933242798,0.07500000298023224,0.4432590360113655,0.4230000078678131,0.219050787616029,0.9620000123977661,0.09200000017881393,0.4126445778522147,0.39149999618530273,0.18291064384381506,0.9710000157356262,0.28700000047683716,0.5976807221949819,0.601500004529953,0.15602867069867013,GO_29,GO,500
772,0.8709999918937683,0.006000000052154064,0.21504533635283496,0.1550000011920929,0.1833909207746565,1,0.04800000041723251,0.5801062173369326,0.546999990940094,0.2693126795870677,1,0.13099999725818634,0.7531709835859778,0.7540000081062317,0.19014979855786954,GO_3,GO,500
426,0.5730000138282776,0.012000000104308128,0.1598450704893106,0.12949999421834946,0.10933884487582696,0.9200000166893005,0.023000000044703484,0.28948356794027236,0.23499999940395355,0.1996537373081415,0.9860000014305115,0.1340000033378601,0.597115023210295,0.5925000011920929,0.1691664916432126,GO_30,GO,500
683,0.9879999756813049,0.019999999552965164,0.4777262072224786,0.43799999356269836,0.27226314863648515,0.9729999899864197,0.041999999433755875,0.47987408502951895,0.4440000057220459,0.24466414619599874,0.9919999837875366,0.15700000524520874,0.6312284043514187,0.640999972820282,0.19692984570380917,GO_31,GO,500
1011,0.9959999918937683,0.010999999940395355,0.236113748998629,0.15700000524520874,0.2135047199529314,0.9919999837875366,0.041999999433755875,0.7084193870196769,0.7429999709129333,0.1934164492954945,1,0.28999999165534973,0.8474164192447794,0.8859999775886536,0.13292522195311676,GO_32,GO,500
1016,0.9900000095367432,0.03200000151991844,0.5027893697952954,0.4690000116825104,0.2784379905903736,0.9729999899864197,0.06300000101327896,0.5808818899975048,0.6155000030994415,0.22134144073193643,0.9919999837875366,0.15700000524520874,0.709086614462921,0.7374999821186066,0.17923250878737101,GO_33,GO,500
2701,0.9990000128746033,0.008999999612569809,0.3673372825773854,0.25,0.29208451703674354,0.9739999771118164,0.052000001072883606,0.40770529420071955,0.3580000102519989,0.22984975981092706,0.9879999756813049,0.15399999916553497,0.6451832656064151,0.6380000114440918,0.18620847543476873,GO_34,GO,500
861,0.984000027179718,0.014999999664723873,0.3307735192406659,0.1979999989271164,0.2949731218362596,0.9909999966621399,0.02199999988079071,0.35205574944598056,0.3009999990463257,0.23117883291345398,0.9959999918937683,0.17299999296665192,0.6112218348787498,0.6000000238418579,0.1544303508996039,GO_35,GO,500
823,0.9980000257492065,0.008999999612569809,0.1829441071194874,0.11800000071525574,0.17336360927145897,1,0.061000000685453415,0.6611980557631824,0.7129999995231628,0.2513486170796328,1,0.2150000035762787,0.815226003183629,0.8809999823570251,0.18133756872636883,GO_36,GO,500
1137,1,0.014000000432133675,0.4533711518492736,0.36500000953674316,0.3255954366309498,1,0.05000000074505806,0.7568258568054768,0.843999981880188,0.23818897381078244,1,0.14300000667572021,0.8595391379680776,0.9210000038146973,0.16119847779376123,GO_37,GO,500
1760,1,0.02500000037252903,0.5649715914941308,0.62950000166893,0.31637700594372653,1,0.03999999910593033,0.6674670456823978,0.7125000059604645,0.2264676097428427,1,0.12700000405311584,0.7467835234139454,0.777999997138977,0.19107086181049512,GO_38,GO,500
1790,1,0.02800000086426735,0.5317435752850171,0.5415000021457672,0.3169588379988476,1,0.0430000014603138,0.6645569829842565,0.7125000059604645,0.21278352452713978,1,0.1899999976158142,0.7803893858077806,0.8220000267028809,0.17031382541718937,GO_39,GO,500
1478,0.996999979019165,0.020999999716877937,0.4511238156725855,0.4339999854564667,0.31710174889330983,1,0.17399999499320984,0.7275520978906319,0.7480000257492065,0.17420693213994456,1,0.3109999895095825,0.8415818667903805,0.8600000143051147,0.12409747078695438,GO_4,GO,500
2244,1,0.017999999225139618,0.5300610518122819,0.5289999842643738,0.3143576733334293,1,0.052000001072883606,0.5647437609516337,0.5889999866485596,0.23169384757853723,1,0.19699999690055847,0.7237058819442616,0.7450000047683716,0.15757210751474618,GO_40,GO,500
821,1,0.019999999552965164,0.34606577354584267,0.22499999403953552,0.27091779059993515,0.9850000143051147,0.0729999989271164,0.6935188786810702,0.7490000128746033,0.21217191833940496,0.9959999918937683,0.1509999930858612,0.8339878196910877,0.8960000276565552,0.15518493223594643,GO_41,GO,500
1663,1,0.012000000104308128,0.498743235213672,0.4740000069141388,0.3244898607290044,1,0.05299999937415123,0.6588677088279217,0.6990000009536743,0.1927850368787142,1,0.1899999976158142,0.7778647022564872,0.8090000152587891,0.15287577155903448,GO_42,GO,500
365,1,0.019999999552965164,0.5411397258814884,0.5799999833106995,0.2985809840940055,1,0.18799999356269836,0.6769315063545148,0.6840000152587891,0.22881617953484873,1,0.39399999380111694,0.8122712332091919,0.8289999961853027,0.15443052258133227,GO_43,GO,500
1579,1,0.009999999776482582,0.29036162122541437,0.1889999955892563,0.24420292784308903,1,0.05700000002980232,0.6961114634373393,0.7289999723434448,0.19379132443740132,1,0.13300000131130219,0.835032932181914,0.8759999871253967,0.14338717162104464,GO_44,GO,500
34,0.9700000286102295,0.09300000220537186,0.45452941406299086,0.42650000751018524,0.24232550744930628,0.9419999718666077,0.257999986410141,0.5997352915651658,0.5900000035762787,0.1856540146593025,0.9879999756813049,0.41999998688697815,0.7721176401657217,0.7855000197887421,0.1498244965410708,GO_45,GO,500
797,1,0.028999999165534973,0.3621493096146709,0.21699999272823334,0.3002185155895585,0.9850000143051147,0.11299999803304672,0.655052698223175,0.7149999737739563,0.22425365257767238,1,0.2759999930858612,0.8120639903033842,0.8519999980926514,0.145817508186178,GO_46,GO,500
1800,1,0.024000000208616257,0.5347927773578299,0.5120000243186951,0.3200743239296298,0.9869999885559082,0.04899999871850014,0.6595427771223088,0.7089999914169312,0.21280451455290705,0.996999979019165,0.12300000339746475,0.7647794449619121,0.8009999990463257,0.1753399986188254,GO_47,GO,500
2860,1,0.0020000000949949026,0.3782622373522051,0.23899999260902405,0.3171880443581981,1,0.07699999958276749,0.6826398599866804,0.7250000238418579,0.2030171514226659,1,0.18000000715255737,0.8100188810873282,0.8539999723434448,0.1617703378768541,GO_48,GO,500
828,1,0.017999999225139618,0.21678824973323427,0.11100000143051147,0.21763340069350506,1,0.09600000083446503,0.6896744187706979,0.734000027179718,0.21588247850843337,1,0.14499999582767487,0.8103292533897566,0.8629999756813049,0.171815345097115,GO_5,GO,500
303,0.9940000176429749,0.008999999612569809,0.2693168318802767,0.17800000309944153,0.2371262529500713,1,0.07800000160932541,0.40016171623869695,0.3540000021457672,0.21621225351282183,1,0.2329999953508377,0.6625445544621339,0.6510000228881836,0.18904383988005186,GO_6,GO,500
682,1,0.023000000044703484,0.5279574772763637,0.5949999988079071,0.33607089996700806,1,0.12600000202655792,0.6010483867349513,0.5954999923706055,0.22961018920663426,1,0.20000000298023224,0.7282067452532804,0.75450000166893,0.1958412175625592,GO_7,GO,500
478,0.8899999856948853,0.01899999938905239,0.20261924664361333,0.12999999523162842,0.1640930895141301,1,0.1379999965429306,0.7743221756429353,0.8564999997615814,0.21157470072958215,1,0.2720000147819519,0.8685732213273707,0.9539999961853027,0.1722996570120219,GO_8,GO,500
2565,1,0.014000000432133675,0.41069551603995685,0.3889999985694885,0.28430445706067436,1,0.06400000303983688,0.556817933693383,0.5600000023841858,0.25245663956370024,1,0.10599999874830246,0.6755395711339706,0.7160000205039978,0.23168085934772717,GO_9,GO,500
1950,1,0.029999999329447746,0.697446667300776,0.7390000224113464,0.199474532687024,1,0.11500000208616257,0.6602169234745013,0.6759999990463257,0.16557597157180248,1,0.27799999713897705,0.8045538459985684,0.8240000009536743,0.11755669721849364,GO_1,GO,Stream
1481,0.9829999804496765,0.017000000923871994,0.33875894665360895,0.1679999977350235,0.304992331150101,1,0.07599999755620956,0.7404719780700421,0.8059999942779541,0.23515197297389198,1,0.25999999046325684,0.8499628628209827,0.8939999938011169,0.1542463440878026,GO_10,GO,Stream
1459,0.9739999771118164,0.017000000923871994,0.20092117883944202,0.10499999672174454,0.20957891641429935,1,0.2070000022649765,0.7227649068775203,0.7580000162124634,0.1912587819928657,1,0.29499998688697815,0.8529431117651314,0.9049999713897705,0.1429666965626109,GO_11,GO,Stream
3951,1,0.007000000216066837,0.3721179449782285,0.2800000011920929,0.3025873059290087,1,0.04800000041723251,0.5175464437679078,0.4830000102519989,0.26703074532183924,1,0.1809999942779541,0.6941063021427769,0.7020000219345093,0.20403938984632325,GO_12,GO,Stream
1750,0.9909999966621399,0.007000000216066837,0.2615874285394592,0.16250000149011612,0.2364917736055304,1,0.0689999982714653,0.5932834282261985,0.593999981880188,0.24151031290413388,1,0.15000000596046448,0.7040622853296143,0.722000002861023,0.20861532146500608,GO_13,GO,Stream
2823,0.9789999723434448,0.006000000052154064,0.19005526050369695,0.10899999737739563,0.19411443643156692,1,0.08500000089406967,0.7040648247823621,0.7390000224113464,0.20318543224510968,1,0.2240000069141388,0.8309613887644219,0.8790000081062317,0.15632740024678718,GO_14,GO,Stream
18845,1,0,0.4377278035131791,0.4050000011920929,0.3053342309080562,1,0,0.6030538042246605,0.628000020980835,0.25351189152096043,1,0.0020000000949949026,0.7165590524645762,0.7730000019073486,0.23643492076441844,GO_15,GO,Stream
1257,0.9459999799728394,0.0020000000949949026,0.16345346063896332,0.1120000034570694,0.15766865786766926,1,0.0560000017285347,0.5410668259796256,0.5090000033378601,0.2644748407867488,1,0.15299999713897705,0.7603269684215149,0.7789999842643738,0.17182527121996774,GO_16,GO,Stream
756,1,0.008999999612569809,0.35701719576014923,0.2199999988079071,0.3217392235206519,1,0.05299999937415123,0.6224735442046372,0.6705000102519989,0.23957317589475707,1,0.16699999570846558,0.8161256614106672,0.8555000126361847,0.14679170752784396,GO_17,GO,Stream
9726,1,0,0.28762793106171375,0.16099999845027924,0.27115658542806825,1,0,0.6233531829457457,0.6520000100135803,0.28277810389188784,1,0.1809999942779541,0.7711017278809161,0.8159999847412109,0.2041360575881787,GO_18,GO,Stream
1883,0.9649999737739563,0.008999999612569809,0.1400010623037815,0.09000000357627869,0.14959483018206618,1,0.06599999964237213,0.7790180568287047,0.8510000109672546,0.2106305259933544,1,0.23199999332427979,0.8858513005920629,0.9449999928474426,0.1378337531216064,GO_19,GO,Stream
312,0.9670000076293945,0.017999999225139618,0.27571153911188817,0.15550000220537186,0.25320825118129575,1,0.07999999821186066,0.7376346157338375,0.7980000078678131,0.22713422528067284,1,0.21299999952316284,0.817663461734087,0.8650000095367432,0.18048852621000466,GO_2,GO,Stream
5699,1,0.006000000052154064,0.23521266897408522,0.15000000596046448,0.22038438766684654,1,0.04800000041723251,0.59762063542922494,0.5820000171661377,0.2710744679283182,1,0.13099999725818634,0.7718720828614584,0.7929999828338623,0.18407874794054885,GO_20,GO,Stream
432,0.9750000238418579,0,0.21906944377028761,0.14950000494718552,0.1873005436983272,1,0,0.6977453693161132,0.7329999804496765,0.1985598367587684,1,0.21899999678134918,0.8103016237026024,0.8519999980926514,0.1640579493504496,GO_21,GO,Stream
2504,1,0.004999999888241291,0.22920008003116607,0.125,0.23838157446216948,1,0.06800000369548798,0.6146146165260586,0.6074999868869781,0.2610567242507054,1,0.26499998569488525,0.7825810698607859,0.7985000014305115,0.17330638977739105,GO_22,GO,Stream
2004,0.9729999899864197,0.00800000037997961,0.18220708573454555,0.11749999970197678,0.17409040517082722,1,0.09600000083446503,0.7356821356300346,0.7670000195503235,0.20316590169871201,1,0.14900000393390656,0.8380908174681925,0.8820000290870667,0.157951601816787,GO_23,GO,Stream
67,0.7630000114440918,0.024000000208616257,0.21079104449321975,0.16699999570846558,0.15853931213837597,0.9580000042915344,0.14100000262260437,0.573537312336822,0.5640000104904175,0.20945291828540863,0.972000002861023,0.36500000953674316,0.7717462662440627,0.8140000104904175,0.1571568751903413,GO_24,GO,Stream
1830,0.996999979019165,0.010999999940395355,0.3664497268055388,0.23600000143051147,0.29154162243801246,0.9890000224113464,0.017999999225139618,0.542237158142071,0.5889999866485596,0.30559911033091525,0.996999979019165,0.0820000022649765,0.6787453546712958,0.7120000123977661,0.2500379077436871,GO_25,GO,Stream
1485,1,0.00800000037997961,0.21877710445147472,0.11599999666213989,0.23033968136848137,1,0.03799999877810478,0.7253777776252139,0.8159999847412109,0.2631321693783108,1,0.16899999976158142,0.8453050501619526,0.9120000004768372,0.1718257688794829,GO_26,GO,Stream
11246,1,0,0.2769892388464083,0.15800000727176666,0.2618221192966781,1,0,0.6036522278177333,0.6100000143051147,0.28319347742670836,1,0.11500000208616257,0.7629565910542749,0.8050000071525574,0.20546603157343699,GO_27,GO,Stream
30462,1,0,0.3593547872326059,0.24699999392032623,0.2973099139073313,1,0,0.6367721355523901,0.6639999747276306,0.2491379113633262,1,0.0020000000949949026,0.751385598882122,0.8069999814033508,0.22199650192005993,GO_28,GO,Stream
166,0.9819999933242798,0.07500000298023224,0.4432590360113655,0.4230000078678131,0.219050787616029,0.9620000123977661,0.09200000017881393,0.4126445778522147,0.39149999618530273,0.18291064384381506,0.9710000157356262,0.28700000047683716,0.5976807221949819,0.601500004529953,0.15602867069867013,GO_29,GO,Stream
820,0.9079999923706055,0.006000000052154064,0.23056707265786827,0.1599999964237213,0.1994334987696057,1,0.04800000041723251,0.5804817068140681,0.5485000014305115,0.2657066892681978,1,0.13099999725818634,0.75081829159725,0.7524999976158142,0.1891368085097586,GO_3,GO,Stream
4977,1,0.0010000000474974513,0.2619694595555946,0.14300000667572021,0.26726239959949755,1,0.023000000044703484,0.5823966242610265,0.574999988079071,0.27915986586493025,1,0.1340000033378601,0.7647888286240205,0.7850000262260437,0.1858982672480998,GO_30,GO,Stream
807,0.9879999756813049,0.019999999552965164,0.4293990080929194,0.38100001215934753,0.2814604175806262,0.9929999709129333,0.041999999433755875,0.5016802974977753,0.47699999809265137,0.24976742932650808,0.9990000128746033,0.15700000524520874,0.6584386618570176,0.6639999747276306,0.20452454317358879,GO_31,GO,Stream
8178,0.9959999918937683,0.0010000000474974513,0.16747101979578957,0.10400000214576721,0.17030017131355898,1,0.028999999165534973,0.6103956958768249,0.6370000243186951,0.27514661840968246,1,0.14300000667572021,0.7966744922125185,0.8325000107288361,0.1770517516920947,GO_32,GO,Stream
4294,0.9900000095367432,0.007000000216066837,0.2609576151812988,0.1420000046491623,0.2550940492995352,1,0.041999999433755875,0.6587671170728633,0.7110000252723694,0.2581849784746086,1,0.15000000596046448,0.7889315323547591,0.8479999899864197,0.1953002902085774,GO_33,GO,Stream
22197,1,0.0010000000474974513,0.24462796777224924,0.13199999928474426,0.25767780243050903,1,0.01600000075995922,0.5765877821295883,0.5920000076293945,0.2760331052822865,1,0.1379999965429306,0.7671805649153975,0.8029999732971191,0.18652078348995255,GO_34,GO,Stream
914,0.984000027179718,0.014999999664723873,0.32392122542192137,0.1964999958872795,0.2889127523395637,0.9940000176429749,0.02199999988079071,0.3699343547110876,0.31200000643730164,0.24608649500466484,0.996999979019165,0.17299999296665192,0.6230995619681784,0.6079999804496765,0.16447655300213201,GO_35,GO,Stream
1405,1,0.008999999612569809,0.2046911033354302,0.13600000739097595,0.1793711990938467,1,0.026000000536441803,0.6611822064846647,0.7260000109672546,0.27207937704750335,1,0.11900000274181366,0.8126128114415233,0.890999972820282,0.19460815204665033,GO_36,GO,Stream
4229,1,0.010999999940395355,0.45536675293779905,0.367000013589859,0.3167982142076495,1,0.017999999225139618,0.6490066207612369,0.7450000047683716,0.2764276513460406,1,0.0820000022649765,0.7648252539423008,0.8500000238418579,0.22018112617694346,GO_37,GO,Stream
8051,1,0,0.28877096023635435,0.1589999943971634,0.2791422714398047,1,0,0.6580940256879213,0.7089999914169312,0.24756833946501375,1,0.10100000351667404,0.7826934161680456,0.8259999752044678,0.18598020969406825,GO_38,GO,Stream
14489,1,0,0.37747270332249416,0.24400000274181366,0.31252531885103024,1,0,0.6516316515381406,0.7139999866485596,0.2531505330617222,1,0.0820000022649765,0.7727324682344955,0.824999988079071,0.19608200810548898,GO_39,GO,Stream
5922,1,0.020999999716877937,0.4852629181035983,0.5139999985694885,0.3099968034136444,1,0.06599999964237213,0.7078988520388908,0.723499983549118,0.18583870712268669,1,0.17800000309944153,0.8319490034937134,0.8560000061988831,0.13447850661382788,GO_4,GO,Stream
38082,1,0.0010000000474974513,0.26161475242608584,0.1459999978542328,0.26458883846982156,1,0.01600000075995922,0.5679070689337311,0.5709999799728394,0.27500163593597376,1,0.13099999725818634,0.7582868809078736,0.7860000133514404,0.1860659417146446,GO_40,GO,Stream
19067,1,0,0.2944875951531523,0.17399999499320984,0.2700810788390173,1,0,0.6256219049105893,0.6589999794960022,0.27592985887359794,1,0.11400000005960464,0.7778032836113685,0.8240000009536743,0.19626906781782316,GO_41,GO,Stream
51302,1,0,0.35149736015254757,0.22599999606609344,0.2987262674592156,1,0,0.643467988243694,0.6830000281333923,0.2507508383037707,1,0.0020000000949949026,0.7631259518747712,0.8180000185966492,0.21121604955926254,GO_42,GO,Stream
365,1,0.019999999552965164,0.5411397258814884,0.5799999833106995,0.2985809840940055,1,0.18799999356269836,0.6769315063545148,0.6840000152587891,0.22881617953484873,1,0.39399999380111694,0.8122712332091919,0.8289999961853027,0.15443052258133227,GO_43,GO,Stream
111334,1,0,0.3088396842755741,0.18000000715255737,0.2843296470029957,1,0,0.6147239387320542,0.6460000276565552,0.2653829497577447,1,0.0020000000949949026,0.7654749224270131,0.8090000152587891,0.199288418863153,GO_44,GO,Stream
34,0.9700000286102295,0.09300000220537186,0.45452941406299086,0.42650000751018524,0.24232550744930628,0.9419999718666077,0.257999986410141,0.5997352915651658,0.5900000035762787,0.1856540146593025,0.9879999756813049,0.41999998688697815,0.7721176401657217,0.7855000197887421,0.1498244965410708,GO_45,GO,Stream
2685,1,0.014000000432133675,0.28477132218288087,0.1809999942779541,0.24701011608002474,0.9980000257492065,0.017999999225139618,0.5880294230695488,0.6510000228881836,0.2841807380562537,1,0.0560000017285347,0.7432175046877044,0.8130000233650208,0.2251219512979305,GO_46,GO,Stream
5589,1,0.006000000052154064,0.35655537652880576,0.20900000631809235,0.3079854901577911,1,0.026000000536441803,0.6702635531618826,0.7279999852180481,0.2525434363023344,1,0.11900000274181366,0.8037380568735137,0.859000027179718,0.18502012299635606,GO_47,GO,Stream
130877,1,0,0.3120633293482925,0.1850000023841858,0.284273603864552,1,0,0.6192874151231466,0.6549999713897705,0.2635499537083311,1,0.0020000000949949026,0.7688459074262838,0.8140000104904175,0.1975672555364453,GO_48,GO,Stream
4350,1,0,0.39924981254652503,0.328000009059906,0.31284116853873056,1,0,0.6092866435302249,0.621999979019165,0.2522197417604818,1,0.017999999225139618,0.7251193395734005,0.7680000066757202,0.2305750689641369,GO_5,GO,Stream
1002,1,0.008999999612569809,0.6291037926082305,0.7314999997615814,0.3104230675862762,1,0.07800000160932541,0.6325768459357782,0.6835000216960907,0.2557593976328722,1,0.2329999953508377,0.7931047900321478,0.8505000174045563,0.17506936522982797,GO_6,GO,Stream
3813,1,0.017000000923871994,0.5349795429493744,0.5609999895095825,0.30479048122951025,1,0.0020000000949949026,0.4727676368459918,0.4699999988079071,0.25794362957668676,1,0.0020000000949949026,0.5655573040054983,0.5989999771118164,0.27275062545560186,GO_7,GO,Stream
560,0.8899999856948853,0.01899999938905239,0.20115892830238277,0.13450000435113907,0.1576987498589057,1,0.1379999965429306,0.77524107146476,0.8365000188350677,0.20046128564885551,1,0.2720000147819519,0.8774642849607127,0.9539999961853027,0.16259965044807956,GO_8,GO,Stream
15720,1,0,0.4624472637977726,0.4569999873638153,0.31000768273160784,1,0,0.603931416013886,0.6309999823570251,0.25275481691855967,1,0.0020000000949949026,0.715356608221903,0.7770000100135803,0.24078334567057147,GO_9,GO,Stream
229866,1,0,0.3201181353643671,0.17299999296665192,0.3009374076211982,1,0,0.6425114201433518,0.6930000185966492,0.2647321229908961,1,0.0010000000474974513,0.7828355438131858,0.8379999995231628,0.19882869424041433,GO_48,GO,Catch
192422,1,0,0.33199467369531477,0.18299999833106995,0.3081176599062185,1,0,0.6376768438847995,0.6840000152587891,0.26455196304417244,1,0.0010000000474974513,0.7782045058339117,0.8320000171661377,0.19987420616312543,GO_44,GO,Catch
91,0.9700000286102295,0.019999999552965164,0.395879122623048,0.4000000059604645,0.24242702722499684,0.9419999718666077,0.257999986410141,0.60353846012891,0.597000002861023,0.17942589252621655,0.9940000176429749,0.41999998688697815,0.7785054929963835,0.7950000166893005,0.13966844668934206,GO_45,GO,Catch
9547,1,0.006000000052154064,0.29339949726190984,0.1589999943971634,0.2799265713226226,1,0.026000000536441803,0.6946884884636658,0.7829999923706055,0.2681870286544776,1,0.11900000274181366,0.8246180998549494,0.9020000100135803,0.1888278908363516,GO_47,GO,Catch
812,1,0.006000000052154064,0.38485098533043316,0.26999999582767487,0.3179491521002151,1,0.18799999356269836,0.8088706895672335,0.9079999923706055,0.20625152322468904,1,0.39399999380111694,0.8909913791444501,0.9670000076293945,0.13750209948219463,GO_43,GO,Catch
2664,1,0.008999999612569809,0.19024812331767166,0.1340000033378601,0.1637799612679189,1,0.026000000536441803,0.7136929431572199,0.8190000057220459,0.2719782459087249,1,0.11900000274181366,0.8437819069324134,0.9369999766349792,0.18776148348874214,GO_36,GO,Catch
5808,1,0.008999999612569809,0.23241701110082708,0.1420000046491623,0.21841481507343818,1,0.014999999664723873,0.6532732440486163,0.7429999709129333,0.29734117204404664,1,0.0560000017285347,0.7841730370550588,0.8809999823570251,0.2315789389542146,GO_46,GO,Catch
382,0.9819999933242798,0.029999999329447746,0.2925759165338119,0.2199999988079071,0.2182122862269379,0.9990000128746033,0.052000001072883606,0.46411780131424907,0.4025000035762787,0.25172905483498403,1,0.28700000047683716,0.6646020939056786,0.6455000042915344,0.1893392261840192,GO_29,GO,Catch
4093,0.996999979019165,0.0020000000949949026,0.3098663573105875,0.19099999964237213,0.27616199531842717,1,0.013000000268220901,0.4532321035252616,0.43299999833106995,0.306075416511756,1,0.035999998450279236,0.6220386022637693,0.6330000162124634,0.26049496091959806,GO_25,GO,Catch
9320,1,0.0020000000949949026,0.3671110513566867,0.23499999940395355,0.30926502350783963,1,0.013000000268220901,0.6188224248405219,0.7120000123977661,0.2970038293884335,1,0.035999998450279236,0.7500993560867728,0.8429999947547913,0.2400345344288783,GO_37,GO,Catch
1535,1,0.008999999612569809,0.2708723129613586,0.11400000005960464,0.29623230664450156,1,0.05299999937415123,0.6733980454213262,0.7110000252723694,0.23158429451330825,1,0.16699999570846558,0.8488247554542964,0.8830000162124634,0.135679409096492,GO_17,GO,Catch
35377,1,0.0010000000474974513,0.22441283891193806,0.11599999666213989,0.24816003362634131,1,0.01600000075995922,0.6145203098280713,0.6520000100135803,0.2743618674330517,1,0.1120000034570694,0.7882922236968837,0.8320000171661377,0.18513400724414053,GO_34,GO,Catch
1887,1,0.006000000052154064,0.5277329091951014,0.5699999928474426,0.34248366083122644,1,0.04800000041723251,0.6561330148607698,0.6729999780654907,0.23267211385467887,1,0.13099999725818634,0.7876412288404737,0.8140000104904175,0.1620304910637485,GO_3,GO,Catch
2300,1,0.0020000000949949026,0.37984347815736724,0.24699999392032623,0.32727996399721887,1,0.0560000017285347,0.561581304875081,0.5429999828338623,0.2541651003791913,1,0.15299999713897705,0.7473208690078362,0.75450000166893,0.1669436395716977,GO_16,GO,Catch
8440,1,0.006000000052154064,0.40238838860835724,0.2709999978542328,0.33867603716831457,1,0.04800000041723251,0.6371605450742088,0.6639999747276306,0.25867574495816015,1,0.13099999725818634,0.7886494074740681,0.8220000267028809,0.17189237909110636,GO_20,GO,Catch
2921,1,0.008999999612569809,0.6893231768425055,0.8190000057220459,0.3144932220420271,1,0.07800000160932541,0.7267791854446574,0.7870000004768372,0.21430540906672854,1,0.19499999284744263,0.840043135683694,0.8920000195503235,0.14703726880379925,GO_6,GO,Catch
2447,1,0.017000000923871994,0.5501123822694184,0.6710000038146973,0.3645501665214149,1,0.07599999755620956,0.7655365749749058,0.8240000009536743,0.20639959792805093,1,0.25999999046325684,0.860554964982299,0.8949999809265137,0.13300936996571977,GO_10,GO,Catch
9627,1,0.007000000216066837,0.49289570999596555,0.4819999933242798,0.3409584391779015,1,0.04800000041723251,0.584198919613345,0.593999981880188,0.2609248044041901,1,0.1809999942779541,0.7401928949593829,0.7689999938011169,0.19008757267767235,GO_12,GO,Catch
20131,1,0,0.3805254111380156,0.23199999332427979,0.33584029961932477,1,0,0.6636998705735833,0.7260000109672546,0.26467425573422854,1,0.1809999942779541,0.7977029858321305,0.8550000190734863,0.18752658355674975,GO_18,GO,Catch
3260,1,0.0010000000474974513,0.2706674849534153,0.14399999380111694,0.26933260054521824,1,0.04399999976158142,0.6114193251459328,0.5955000221729279,0.2641658149152008,1,0.24400000274181366,0.77160122662417,0.7839999794960022,0.18255666405965024,GO_22,GO,Catch
11208,1,0.0010000000474974513,0.21532771233704615,0.11800000071525574,0.23372011021731207,1,0.028999999165534973,0.6247783727329995,0.6549999713897705,0.269297619560996,1,0.14300000667572021,0.7967060131953496,0.8320000171661377,0.177210363352001,GO_32,GO,Catch
22518,1,0,0.36040628889785226,0.20499999821186066,0.32737114144065177,1,0,0.6518462800048747,0.7070000171661377,0.27023858624876235,1,0.11500000208616257,0.7923758103659244,0.8489999771118164,0.19165730833458922,GO_27,GO,Catch
1328,1,0.014999999664723873,0.27408509053000957,0.15450000017881393,0.2639162898156458,1,0.01600000075995922,0.3866295181635588,0.31200000643730164,0.26981264193765486,1,0.17299999296665192,0.6402793672855899,0.6225000023841858,0.17940242682231056,GO_35,GO,Catch
5967,1,0.0010000000474974513,0.3026628122815097,0.164000004529953,0.2935489153365288,1,0.023000000044703484,0.5897016924914726,0.5830000042915344,0.27778739371342465,1,0.12700000405311584,0.7635403049562531,0.7879999876022339,0.18883954040285397,GO_30,GO,Catch
58059,1,0.0010000000474974513,0.267962434835947,0.13600000739097595,0.2810158797200804,1,0.01600000075995922,0.5918125355099275,0.6119999885559082,0.276615509394954,1,0.1120000034570694,0.7726150983573187,0.8059999942779541,0.18471131945565478,GO_40,GO,Catch
2444,1,0.00800000037997961,0.1894210311046873,0.10400000214576721,0.20318818645737158,1,0.03799999877810478,0.7320867428821306,0.7960000038146973,0.24104182887900483,1,0.16899999976158142,0.8570270045201634,0.9160000085830688,0.1576080908265476,GO_26,GO,Catch
33385,1,0,0.3397623940649093,0.1899999976158142,0.3120384689976361,1,0,0.6574322985779028,0.7160000205039978,0.26706086333386525,1,0.10300000011920929,0.7977657347938983,0.8550000190734863,0.18811206798806107,GO_41,GO,Catch
95649,1,0,0.3719942598387183,0.2329999953508377,0.31896300994325355,1,0,0.6613845653223707,0.7120000123977661,0.25152037303450253,1,0.0010000000474974513,0.7758419123952645,0.8399999737739563,0.21093162848918107,GO_42,GO,Catch
28615,1,0,0.321941953504158,0.18199999630451202,0.29843707814066583,1,0,0.6376637777816762,0.6980000138282776,0.2653041528169141,1,0.035999998450279236,0.7708878132650352,0.8309999704360962,0.20686618804136936,GO_39,GO,Catch
4576,0.9729999899864197,0,0.17228256114662896,0.10300000011920929,0.17598954442756573,1,0,0.672458479084869,0.7139999866485596,0.24606674469678314,1,0.13199999928474426,0.809937923133699,0.8629999756813049,0.17731883787732783,GO_23,GO,Catch
513,0.9750000238418579,0,0.20782845931537958,0.13600000739097595,0.18313452781399522,1,0,0.708514618856168,0.7450000047683716,0.19849839571801467,1,0.14399999380111694,0.8178027344692964,0.8564999997615814,0.16400039958329568,GO_21,GO,Catch
87,0.7630000114440918,0.017999999225139618,0.1941149423177215,0.1469999998807907,0.1549963568821062,1,0.14100000262260437,0.5924252860847561,0.5979999899864197,0.22256572726794754,1,0.36500000953674316,0.7715517220825985,0.8140000104904175,0.16445030065350463,GO_24,GO,Catch
2385,0.9649999737739563,0.008999999612569809,0.13420880521165374,0.08799999952316284,0.14175899421670285,1,0.06599999964237213,0.7907278826307951,0.8600000143051147,0.20278860031904325,1,0.23199999332427979,0.8946540874255279,0.953000009059906,0.13128642889268885,GO_19,GO,Catch
58551,1,0,0.4158663803138529,0.3140000104904175,0.3297055958036566,1,0,0.6708338488200138,0.7170000076293945,0.24379348242027535,1,0.0010000000474974513,0.7732242364557839,0.8389999866485596,0.21607610931982668,GO_28,GO,Catch
15175,1,0,0.2564814498366042,0.1340000033378601,0.2645608734655738,1,0,0.6637470183083312,0.7110000252723694,0.24377594982110531,1,0.10100000351667404,0.79540367763749,0.8429999947547913,0.18121791799015477,GO_38,GO,Catch
5771,0.9900000095367432,0.007000000216066837,0.2271403569474447,0.12300000339746475,0.23554753031132433,1,0.041999999433755875,0.6920679257545195,0.753000020980835,0.252105656087504,1,0.15000000596046448,0.815398370906171,0.8840000033378601,0.18819467777482993,GO_33,GO,Catch
1230,0.9879999756813049,0.014999999664723873,0.33533577203553744,0.2355000004172325,0.2778776705878216,1,0.041999999433755875,0.5964764225773695,0.6354999840259552,0.26509914751697217,1,0.15700000524520874,0.7363918695386832,0.7799999713897705,0.21192462399702577,GO_31,GO,Catch
2763,0.9940000176429749,0.017000000923871994,0.18676909165125888,0.10899999737739563,0.19326252307116892,1,0.10499999672174454,0.7630995292374287,0.8100000023841858,0.18437343928968933,1,0.29499998688697815,0.8762294601971284,0.9340000152587891,0.13301944722209713,GO_11,GO,Catch
5052,0.9940000176429749,0.006000000052154064,0.17825336515905685,0.10999999940395355,0.17987063023744587,1,0.08500000089406967,0.7373430324896805,0.7799999713897705,0.19588693046458183,1,0.2240000069141388,0.8522203085193394,0.902999997138977,0.1454677348377411,GO_14,GO,Catch
382,0.9670000076293945,0.017999999225139618,0.25357591676286845,0.1394999995827675,0.23901477243101427,1,0.07999999821186066,0.7364136125521822,0.8109999895095825,0.23434680944622124,1,0.21299999952316284,0.818507853368814,0.8760000169277191,0.1853222303585631,GO_2,GO,Catch
1011,0.8949999809265137,0.01899999938905239,0.18621562801773128,0.12999999523162842,0.14320171610771412,1,0.12800000607967377,0.7708911972394918,0.8510000109672546,0.21710629825747868,1,0.19099999964237213,0.8585459936030658,0.9549999833106995,0.18850131883786422,GO_8,GO,Catch
32341,1,0,0.5713806159127686,0.640999972820282,0.3209869488428954,1,0,0.6418857241508263,0.6859999895095825,0.2482758203474982,1,0.0010000000474974513,0.7401799080348015,0.8130000233650208,0.23243929961547202,GO_9,GO,Catch
13381,1,0.020999999716877937,0.5982745685956732,0.6919999718666077,0.3119816138752299,1,0.06599999964237213,0.729841342288437,0.7549999952316284,0.1754387850713061,1,0.17800000309944153,0.8408503847626968,0.8669999837875366,0.1253739611649142,GO_4,GO,Catch
5396,1,0.02800000086426735,0.7715589327815702,0.8270000219345093,0.19086047391564637,1,0.11500000208616257,0.7297544479024928,0.7490000128746033,0.15825941788513506,1,0.27799999713897705,0.8438104152723628,0.8640000224113464,0.1025743673253891,GO_1,GO,Catch
7846,1,0,0.5265425903273147,0.5659999847412109,0.34890708505718304,1,0,0.6523387637434559,0.6949999928474426,0.24958013458733755,1,0.017999999225139618,0.7533918269320379,0.8159999847412109,0.21775431506046072,GO_5,GO,Catch
8792,1,0.014000000432133675,0.6107613736072096,0.6840000152587891,0.299612900460378,1,0.0010000000474974513,0.5175609643926813,0.5189999938011169,0.27611371880695673,1,0.0010000000474974513,0.597678002876257,0.6394999921321869,0.2801760619408582,GO_7,GO,Catch
4039,1,0.007000000216066837,0.26451151268974066,0.16099999845027924,0.24263855878823676,1,0.0689999982714653,0.6769475112603454,0.7149999737739563,0.22017619521737697,1,0.12099999934434891,0.7579242387884736,0.796999990940094,0.18786645294196708,GO_13,GO,Catch
37822,1,0,0.5308298190613261,0.5699999928474426,0.3254147947659892,1,0,0.6402801815500588,0.6830000281333923,0.25055876170408237,1,0.0010000000474974513,0.7406568705551376,0.8100000023841858,0.23027259108576664,GO_15,GO,Catch
